id,class,family,family_cname,cname,name,fullname,is_endemic,iucn_category,source
416053,哺乳綱,Soricidae,尖鼠科,短尾鼩,Anourosorex yamashinai,"Anourosorex yamashinai Kuroda, 1935 ",1,LC,原生
380591,哺乳綱,Muridae,鼠科,赤背條鼠,Apodemus agrarius,"Apodemus agrarius Pallas, 1771 ",0,LC,原生
380592,哺乳綱,Muridae,鼠科,臺灣森鼠,Apodemus semotus,"Apodemus semotus Thomas, 1908 ",1,LC,原生
380563,哺乳綱,Vespertilionidae,蝙蝠科,黃頸蝠,Arielulus torquatus,"Arielulus torquatus Gabor & Lee, 1999 ",1,LC,原生
380528,哺乳綱,Balaenopteridae,鬚鯨科,小鬚鯨,Balaenoptera acutorostrata,"Balaenoptera acutorostrata Lacépède, 1804 ",0,NA,原生
380529,哺乳綱,Balaenopteridae,鬚鯨科,鰮鯨,Balaenoptera borealis,"Balaenoptera borealis Lesson, 1828 ",0,NA,原生
380530,哺乳綱,Balaenopteridae,鬚鯨科,鯷鯨,Balaenoptera edeni,"Balaenoptera edeni Anderson, 1879 ",0,NA,原生
438276,哺乳綱,Balaenopteridae,鬚鯨科,布氏鯨,Balaenoptera edeni brydei,"Balaenoptera edeni brydei  Olsen, 1913",0,NE,原生
385002,哺乳綱,Balaenopteridae,鬚鯨科,藍鯨,Balaenoptera musculus,"Balaenoptera musculus Linnaeus,1758 ",0,NA,原生
385001,哺乳綱,Balaenopteridae,鬚鯨科,大村鯨,Balaenoptera omurai,"Balaenoptera omurai Wada, Oishi & Yamada, 2003 ",0,NA,原生
380531,哺乳綱,Balaenopteridae,鬚鯨科,長須鯨,Balaenoptera physalus,"Balaenoptera physalus Linnaeus, 1758 ",0,NA,原生
430503,哺乳綱,Balaenopteridae,鬚鯨科,臺灣鯨,Balaenoptera taiwanica,"Balaenoptera taiwanica Huang, 1965 ",0,NA,原生
380593,哺乳綱,Muridae,鼠科,鬼鼠,Bandicota indica,"Bandicota indica Bechstein, 1800 ",0,LC,原生
432675,哺乳綱,Vespertilionidae,蝙蝠科,東方寬耳蝠,Barbastella darjelingensis,"Barbastella darjelingensis Dobson, 1975 ",0,LC,原生
380604,哺乳綱,Sciuridae,松鼠科,小鼯鼠,Belomys pearsonii kaleensis,"Belomys pearsonii kaleensis Swinhoe , 1862 ",1,LC,原生
443088,哺乳綱,Bovidae,牛科,水牛,Bubalus bubalis,"Bubalus bubalis Linnaeus, 1758 ",0,NA,歸化
380605,哺乳綱,Sciuridae,松鼠科,赤腹松鼠,Callosciurus erythraeus thaiwanensis,"Callosciurus erythraeus thaiwanensis Pallas, 1779 ",1,LC,原生
434632,哺乳綱,Canidae,犬科,犬,Canis lupus familiaris,"Canis lupus familiaris Linnaeus, 1758 ",0,NA,歸化
443658,哺乳綱,Bovidae,牛科,家羊,Capra aegagrus hircus,"Capra aegagrus hircus Linnaeus, 1758 ",0,NA,歸化
416105,哺乳綱,Bovidae,牛科,臺灣野山羊,Capricornis swinhoei,"Capricornis swinhoei Gray, 1862 ",1,NT,原生
380513,哺乳綱,Cervidae,鹿科,臺灣梅花鹿,Cervus nippon taiouanus,"Cervus nippon taiouanus Blyth, 1860 ",1,NA,原生
380580,哺乳綱,Soricidae,尖鼠科,水鼩,Chimarrogale himalayica,"Chimarrogale himalayica Gray, 1842 ",0,VU,原生
416060,哺乳綱,Soricidae,尖鼠科,細尾長尾鼩,Chodsigoa sodalis,"Chodsigoa sodalis Thomas, 1913 ",1,DD,原生
380557,哺乳綱,Hipposideridae,葉鼻蝠科,臺灣無尾葉鼻蝠,Coelops frithii formosanus,"Coelops frithii formosanus Horikawa, 1928 ",1,VU,原生
416058,哺乳綱,Soricidae,尖鼠科,臺灣長尾麝鼩,Crocidura rapax kurodai,"Crocidura rapax kurodai Jameson & Jones, 1977 ",1,NA,原生
416059,哺乳綱,Soricidae,尖鼠科,綠島長尾麝鼩,Crocidura rapax lutaoensis,"Crocidura rapax lutaoensis Fang & Lee, 2002 ",1,NA,原生
416057,哺乳綱,Soricidae,尖鼠科,蘭嶼長尾麝鼩,Crocidura rapax tadae,"Crocidura rapax tadae Tokuda & Kano, 1936 ",1,NA,原生
416055,哺乳綱,Soricidae,尖鼠科,荷氏小麝鼩,Crocidura shantungensis hosletti,"Crocidura shantungensis hosletti Miller, 1901 ",1,NA,原生
416054,哺乳綱,Soricidae,尖鼠科,臺灣灰麝鼩,Crocidura tanakae,"Crocidura tanakae Kuroda, 1938 ",1,LC,原生
401685,哺乳綱,Pteropodidae,狐蝠科,印度犬果蝠,Cynopterus sphinx,"Cynopterus sphinx Vahi, 1797 ",0,NA,原生
427142,哺乳綱,Delphinidae,海豚科,長吻真海豚,Delphinus capensis,"Delphinus capensis Gray, 1828 ",0,NA,原生
385000,哺乳綱,Delphinidae,海豚科,真海豚,Delphinus delphis,"Delphinus delphis Linnaeus, 1758 ",0,NA,原生
380606,哺乳綱,Sciuridae,松鼠科,長吻松鼠,Dremomys pernyi owstoni,"Dremomys pernyi owstoni Thomas, 1908 ",1,LC,原生
380594,哺乳綱,Cricetidae,倉鼠科,黑腹絨鼠,Eothenomys melanogaster,"Eothenomys melanogaster Milne-Edwards, 1871 ",0,NT,原生
416301,哺乳綱,Soricidae,尖鼠科,臺灣長尾鼩,Episoriculus fumidus,"Episoriculus fumidus Thomas, 1913 ",1,LC,原生
432776,哺乳綱,Vespertilionidae,蝙蝠科,崛川氏棕蝠,Eptesicus pachyomus horikawai,"Eptesicus pachyomus horikawai Tomes, 1857 ",1,LC,原生
380548,哺乳綱,Eschrichtiidae,灰鯨科,灰鯨,Eschrichtius robustus,"Eschrichtius robustus Gray, 1864 ",0,NA,原生
434633,哺乳綱,Felidae,貓科,貓,Felis catus,"Felis catus Linnaeus, 1758 ",0,NA,歸化
380534,哺乳綱,Delphinidae,海豚科,小虎鯨,Feresa attenuata,"Feresa attenuata Gray, 1874 ",0,NA,原生
380535,哺乳綱,Delphinidae,海豚科,短肢領航鯨,Globicephala macrorhynchus,"Globicephala macrorhynchus Gray, 1846 ",0,NA,原生
380536,哺乳綱,Delphinidae,海豚科,瑞氏海豚,Grampus griseus,"Grampus griseus G. Cuvier, 1812 ",0,NA,原生
380566,哺乳綱,Vespertilionidae,蝙蝠科,毛翼管鼻蝠,Harpiocephalus harpia,"Harpiocephalus harpia Temminck, 1840 ",0,DD,原生
416111,哺乳綱,Vespertilionidae,蝙蝠科,金芒管鼻蝠,Harpiola isodon,"Harpiola isodon Kuo, Fang, Csorba & Lee, 2006 ",0,LC,原生
416108,哺乳綱,Herpestidae,獴科,食蟹獴,Herpestes urva formosanus,"Herpestes urva formosanus Bechthold, 1936 ",1,NT,原生
416061,哺乳綱,Hipposideridae,葉鼻蝠科,臺灣葉鼻蝠,Hipposideros armiger terasensis,"Hipposideros armiger terasensis Nowak, 1994 ",1,LC,原生
408248,哺乳綱,Hominidae,人科,智人,Homo sapiens,"Homo sapiens Linnaeus, 1758 ",0,NA,原生
416112,哺乳綱,Vespertilionidae,蝙蝠科,灰伏翼,Hypsugo pulveratus,"Hypsugo pulveratus Peters, 1870 ",0,DD,原生
432102,哺乳綱,Ziphiidae,喙鯨科,朗氏喙鯨,Indopacetus pacificus,"Indopacetus pacificus Longman, 1926 ",0,NA,原生
432677,哺乳綱,Vespertilionidae,蝙蝠科,玄彩蝠,Kerivoula furva,"Kerivoula furva Kuo, Soisook, Ho, Csorba, Wang, & Rossiter 2017 ",0,LC,原生
380549,哺乳綱,Kogiidae,小抹香鯨科,小抹香鯨,Kogia breviceps,"Kogia breviceps Blainville, 1838 ",0,NA,原生
380550,哺乳綱,Kogiidae,小抹香鯨科,侏儒抹香鯨,Kogia sima,"Kogia sima Owen, 1866 ",0,NA,原生
380537,哺乳綱,Delphinidae,海豚科,弗氏海豚,Lagenodelphis hosei,"Lagenodelphis hosei Fraser, 1956 ",0,NA,原生
380588,哺乳綱,Leporidae,兔科,臺灣野兔,Lepus sinensis formosus,"Lepus sinensis formosus Thomas, 1908 ",1,LC,原生
380520,哺乳綱,Mustelidae,貂科,水獺,Lutra lutra chinensis,"Lutra lutra chinensis Gray, 1837 ",0,CR,原生
380590,哺乳綱,Cercopithecidae,獼猴科,臺灣獼猴,Macaca cyclopis,"Macaca cyclopis Swinhoe, 1863 ",1,LC,原生
380589,哺乳綱,Manidae,穿山甲科,穿山甲,Manis pentadactyla pentadactyla,"Manis pentadactyla pentadactyla Linnaeus, 1758 ",1,VU,原生
380521,哺乳綱,Mustelidae,貂科,黃喉貂,Martes flavigula chrysospila,"Martes flavigula chrysospila Swinhoe, 1866 ",1,VU,原生
380532,哺乳綱,Balaenopteridae,鬚鯨科,大翅鯨,Megaptera novaeangliae,Megaptera novaeangliae Gray ,0,NA,原生
380522,哺乳綱,Mustelidae,貂科,鼬貛,Melogale moschata subaurantiaca,"Melogale moschata subaurantiaca Swinhoe, 1862 ",1,LC,原生
380554,哺乳綱,Ziphiidae,喙鯨科,柏氏中喙鯨,Mesoplodon densirostris,"Mesoplodon densirostris Blainville, 1817 ",0,NA,原生
380555,哺乳綱,Ziphiidae,喙鯨科,銀杏齒中喙鯨,Mesoplodon ginkgodens,"Mesoplodon ginkgodens Nishiwaki & Kamiya, 1958 ",0,NA,原生
380595,哺乳綱,Muridae,鼠科,巢鼠,Micromys minutus,"Micromys minutus Pallas, 1771 ",0,LC,原生
380596,哺乳綱,Cricetidae,倉鼠科,臺灣高山田鼠,Microtus kikuchii,"Microtus kikuchii Kuroda, 1920 ",1,NT,原生
432679,哺乳綱,Miniopteridae,長翼蝠科,東亞摺翅蝠,Miniopterus fuliginosus,"Miniopterus fuliginosus Hodgson, 1835 ",0,LC,原生
380587,哺乳綱,Talpidae,鼴鼠科,臺灣鼴鼠,Mogera insularis insularis,"Mogera insularis insularis Swinhoe, 1862 ",1,LC,原生
401752,哺乳綱,Talpidae,鼴鼠科,鹿野氏鼴鼠,Mogera kanoana,"Mogera kanoana Kawada, Shinohara, Kobayashi, Harada, Oda & Lin, 2007 ",1,LC,原生
380515,哺乳綱,Cervidae,鹿科,臺灣山羌,Muntiacus reevesi micrurus,"Muntiacus reevesi micrurus Sclater, 1875 ",1,LC,原生
416113,哺乳綱,Vespertilionidae,蝙蝠科,黃胸管鼻蝠,Murina bicolor,"Murina bicolor Kuo, Fang, Csorba & Lee, 2009 ",1,LC,原生
401693,哺乳綱,Vespertilionidae,蝙蝠科,姬管鼻蝠,Murina gracilis,"Murina gracilis Kuo, Fang, Csorba & Lee, 2009 ",1,LC,原生
380568,哺乳綱,Vespertilionidae,蝙蝠科,臺灣管鼻蝠,Murina puta,"Murina puta Kishida, 1924 ",1,LC,原生
416114,哺乳綱,Vespertilionidae,蝙蝠科,隱姬管鼻蝠,Murina recondita,"Murina recondita Kuo, Fang, Csorba & Lee, 2009 ",1,LC,原生
380597,哺乳綱,Muridae,鼠科,田鼷鼠,Mus caroli,"Mus caroli Bonhote, 1902 ",0,LC,原生
380598,哺乳綱,Muridae,鼠科,家鼷鼠,Mus musculus,"Mus musculus Linnaeus, 1758 ",0,LC,原生
429206,哺乳綱,Mustelidae,貂科,臺灣小黃鼠狼,Mustela nivalis formosana,"Mustela nivalis formosana Lin & Harada, 1997 ",1,VU,原生
416109,哺乳綱,Mustelidae,貂科,黃鼠狼,Mustela sibirica taivana,"Mustela sibirica taivana Thomas, 1913 ",1,LC,原生
430164,哺乳綱,Vespertilionidae,蝙蝠科,臺灣毛腿鼠耳蝠,Myotis fimbriatus taiwanensis,"Myotis fimbriatus taiwanensis Peters, 1870 ",1,LC,原生
401691,哺乳綱,Vespertilionidae,蝙蝠科,金黃鼠耳蝠,Myotis formosus flavus,"Myotis formosus flavus Hodgson, 1835 ",1,VU,原生
401690,哺乳綱,Vespertilionidae,蝙蝠科,長尾鼠耳蝠,Myotis frater,"Myotis frater Allen, 1923 ",0,LC,原生
380572,哺乳綱,Vespertilionidae,蝙蝠科,華南水鼠耳蝠,Myotis laniger,"Myotis laniger Peters, 1870 ",0,LC,原生
438410,哺乳綱,Vespertilionidae,蝙蝠科,大足鼠耳蝠,Myotis pilosus,"Myotis pilosus Peters, 1869 ",0,NA,原生
380570,哺乳綱,Vespertilionidae,蝙蝠科,赤黑鼠耳蝠,Myotis rufoniger,"Myotis rufoniger Kishida, 1924 ",0,LC,原生
401689,哺乳綱,Vespertilionidae,蝙蝠科,長趾鼠耳蝠,Myotis secundus,"Myotis secundus Ruedi, M., Csorba, G., Lin, L.-K. & Chou, C.-H., 2015 ",1,LC,原生
430165,哺乳綱,Vespertilionidae,蝙蝠科,紅棕鼠耳蝠,Myotis soror,"Myotis soror Ruedi, M., Csorba, G., Lin, L.-K. & Chou, C.-H., 2015 ",1,DD,原生
380518,哺乳綱,Felidae,貓科,臺灣雲豹,Neofelis nebulosa brachyura,"Neofelis nebulosa brachyura Swinhoe, 1862 ",1,NA,原生
380551,哺乳綱,Phocoenidae,鼠海豚科,江豚,Neophocaena phocaenoides,"Neophocaena phocaenoides G. Cuvier, 1829 ",0,NA,原生
416095,哺乳綱,Muridae,鼠科,臺灣刺鼠,Niviventer coninga,"Niviventer coninga Swinhoe, 1864 ",1,LC,原生
380600,哺乳綱,Muridae,鼠科,高山白腹鼠,Niviventer culturatus,"Niviventer culturatus Thomas, 1917 ",1,LC,原生
401697,哺乳綱,Vespertilionidae,蝙蝠科,絨山蝠,Nyctalus plancyi velutinus,"Nyctalus plancyi velutinus G. Allen, 1923 ",0,LC,原生
380538,哺乳綱,Delphinidae,海豚科,虎鯨,Orcinus orca,"Orcinus orca Linnaeus, 1758 ",0,NA,原生
380526,哺乳綱,Viverridae,靈貓科,白鼻心,Paguma larvata taivana,"Paguma larvata taivana Swinhoe, 1862 ",1,LC,原生
380539,哺乳綱,Delphinidae,海豚科,瓜頭鯨,Peponocephala electra,"Peponocephala electra Gray, 1846 ",0,NA,原生
380607,哺乳綱,Sciuridae,松鼠科,白面鼯鼠,Petaurista alborufus lena,"Petaurista alborufus lena Thomas, 1907 ",1,LC,原生
380608,哺乳綱,Sciuridae,松鼠科,大赤鼯鼠,Petaurista philippensis grandis,"Petaurista philippensis grandis Elliot, 1839 ",1,LC,原生
444276,哺乳綱,Phocidae,海豹科,斑海豹,Phoca largha,"Phoca largha Pallas, 1811 ",0,NA,原生
380552,哺乳綱,Physeteridae,抹香鯨科,抹香鯨,Physeter macrocephalus,"Physeter macrocephalus Linnaeus, 1758 ",0,NA,原生
380575,哺乳綱,Vespertilionidae,蝙蝠科,東亞家蝠,Pipistrellus abramus,"Pipistrellus abramus Temminck, 1835 ",0,LC,原生
401695,哺乳綱,Vespertilionidae,蝙蝠科,山家蝠,Pipistrellus montanus,Pipistrellus montanus  ,1,LC,原生
401696,哺乳綱,Vespertilionidae,蝙蝠科,臺灣家蝠,Pipistrellus taiwanensis,Pipistrellus taiwanensis  ,0,LC,原生
380576,哺乳綱,Vespertilionidae,蝙蝠科,臺灣長耳蝠,Plecotus taivanus,"Plecotus taivanus Yoshiyuki, 1991 ",1,LC,原生
416107,哺乳綱,Felidae,貓科,石虎,Prionailurus bengalensis,"Prionailurus bengalensis Kerr, 1792 ",0,EN,原生
380540,哺乳綱,Delphinidae,海豚科,偽虎鯨,Pseudorca crassidens,"Pseudorca crassidens Owen, 1846 ",0,NA,原生
380560,哺乳綱,Pteropodidae,狐蝠科,臺灣狐蝠,Pteropus dasymallus formosus,"Pteropus dasymallus formosus [Gould], 1873 ",1,CR,原生
416300,哺乳綱,Muridae,鼠科,緬甸小鼠,Rattus exulans,"Rattus exulans Peale, 1848 ",0,NA,歸化
380601,哺乳綱,Muridae,鼠科,小黃腹鼠,Rattus losea,"Rattus losea Swinhoe, 1871 ",0,LC,原生
380602,哺乳綱,Muridae,鼠科,溝鼠,Rattus norvegicus,"Rattus norvegicus Berkenhout, 1769 ",0,LC,原生
380603,哺乳綱,Muridae,鼠科,玄鼠,Rattus rattus,"Rattus rattus Linnaeus, 1758 ",0,NA,原生
416099,哺乳綱,Muridae,鼠科,亞洲家鼠,Rattus tanezumi,"Rattus tanezumi Temminck, 1844 ",0,LC,原生
380561,哺乳綱,Rhinolophidae,蹄鼻蝠科,臺灣大蹄鼻蝠,Rhinolophus formosae,"Rhinolophus formosae Sanborn, 1939 ",1,LC,原生
380562,哺乳綱,Rhinolophidae,蹄鼻蝠科,臺灣小蹄鼻蝠,Rhinolophus monoceros,"Rhinolophus monoceros K. Andersen, 1905 ",1,LC,原生
416110,哺乳綱,Pteropodidae,狐蝠科,棕果蝠,Rousettus leschenaultii,"Rousettus leschenaultii Desmarest, 1830 ",0,NA,原生
433212,哺乳綱,Cervidae,鹿科,臺灣水鹿,Rusa unicolor swinhoii,"Rusa unicolor swinhoii Sclater, 1862 ",1,NT,原生
380577,哺乳綱,Vespertilionidae,蝙蝠科,高頭蝠,Scotophilus kuhlii,"Scotophilus kuhlii Leach, 1822 ",0,LC,原生
380541,哺乳綱,Delphinidae,海豚科,中華白海豚,Sousa chinensis,"Sousa chinensis Osbeck, 1765 ",0,NA,原生
444035,哺乳綱,Delphinidae,海豚科,臺灣白海豚,Sousa chinensis taiwanensis,"Sousa chinensis taiwanensis Osbeck, 1765 ",0,NA,原生
380542,哺乳綱,Delphinidae,海豚科,熱帶斑海豚,Stenella attenuata,"Stenella attenuata Gray, 1846 ",0,NA,原生
380543,哺乳綱,Delphinidae,海豚科,條紋海豚,Stenella coeruleoalba,"Stenella coeruleoalba Meyen, 1833 ",0,NA,原生
380544,哺乳綱,Delphinidae,海豚科,長吻飛旋海豚,Stenella longirostris,"Stenella longirostris Gray, 1828 ",0,NA,原生
380545,哺乳綱,Delphinidae,海豚科,糙齒海豚,Steno bredanensis,"Steno bredanensis G. Cuvier in Lesson, 1828 ",0,NA,原生
430163,哺乳綱,Vespertilionidae,蝙蝠科,寬吻鼠耳蝠,Submyotodon latirostris,"Submyotodon latirostris Kishida, 1932 ",1,LC,原生
380586,哺乳綱,Soricidae,尖鼠科,臭鼩,Suncus murinus,"Suncus murinus Linnaeus, 1766 ",0,LC,原生
380516,哺乳綱,Suidae,豬科,臺灣野豬,Sus scrofa taivanus,"Sus scrofa taivanus Swinhoe, 1863 ",1,LC,原生
416083,哺乳綱,Molossidae,游離尾蝠科,東亞游離尾蝠,Tadarida insignis,"Tadarida insignis Rafinesque, 1814 ",0,LC,原生
380609,哺乳綱,Sciuridae,松鼠科,條紋松鼠,Tamiops maritimus formosanus,"Tamiops maritimus formosanus Bonhote, 1900 ",1,LC,原生
380546,哺乳綱,Delphinidae,海豚科,印太瓶鼻海豚,Tursiops aduncus,"Tursiops aduncus Ehrenberg, 1833 ",0,NA,原生
380547,哺乳綱,Delphinidae,海豚科,瓶鼻海豚,Tursiops truncatus,"Tursiops truncatus Montagu, 1821 ",0,NA,原生
380525,哺乳綱,Ursidae,熊科,臺灣黑熊,Ursus thibetanus formosanus,"Ursus thibetanus formosanus Swinhoe, 1864 ",1,EN,原生
380578,哺乳綱,Vespertilionidae,蝙蝠科,霜毛蝠,Vespertilio sinensis,"Vespertilio sinensis Peters, 1880 ",0,EN,原生
380527,哺乳綱,Viverridae,靈貓科,麝香貓,Viverricula indica taivana,"Viverricula indica taivana Schwarz, 1911 ",1,VU,原生
380556,哺乳綱,Ziphiidae,喙鯨科,柯氏喙鯨,Ziphius cavirostris,Ziphius cavirostris Cuvier ,0,NA,原生
404551,鳥綱,Accipitridae,鷹科,大鵟,Buteo hemilasius,"Buteo hemilasius Temminck & Schlegel, 1844 ",0,NA,原生
432224,鳥綱,Accipitridae,鷹科,東方鵟,Buteo japonicus japonicus,"Buteo japonicus japonicus Temminck & Schlegel, 1844 ",0,NA,原生
420281,鳥綱,Accipitridae,鷹科,毛足鵟(堪察加亞種),Buteo lagopus kamtschatkensis,"Buteo lagopus kamtschatkensis Dementiev, 1931 ",0,NA,原生
380107,鳥綱,Accipitridae,鷹科,毛足鵟(西伯利亞亞種),Buteo lagopus menzbieri,"Buteo lagopus menzbieri Dementiev, 1951 ",0,NA,原生
432219,鳥綱,Ardeidae,鷺科,綠簑鷺(福建亞種),Butorides striata actophila,"Butorides striata actophila Oberholser, 1912 ",0,NA,原生
432218,鳥綱,Ardeidae,鷺科,綠簑鷺(過境亞種),Butorides striata amurensis,"Butorides striata amurensis von Schrenck, 1860 ",0,LC,原生
404552,鳥綱,Ardeidae,鷺科,綠簑鷺(臺灣留鳥亞種),Butorides striata carcinophila,"Butorides striata carcinophila Oberholser, 1924 ",0,LC,原生
443089,鳥綱,Bucerotidae,犀鳥科,噪犀鳥,Bycanistes bucinator,"Bycanistes bucinator Temminck, 1824 ",0,NA,歸化
419413,鳥綱,Cacatuidae,鳳頭鸚鵡科,白鳳頭鸚鵡,Cacatua alba,"Cacatua alba Statius Muller, 1776 ",0,NA,歸化
419414,鳥綱,Cacatuidae,鳳頭鸚鵡科,葵花鳳頭鸚鵡,Cacatua galerita,"Cacatua galerita Latham, 1790 ",0,NA,歸化
419415,鳥綱,Cacatuidae,鳳頭鸚鵡科,戈芬氏鳳頭鸚鵡,Cacatua goffiniana,"Cacatua goffiniana C. S. Roselaar & Michaels, 2004 ",0,NA,歸化
419416,鳥綱,Cacatuidae,鳳頭鸚鵡科,鮭色鳳頭鸚鵡,Cacatua moluccensis,"Cacatua moluccensis Gmelin, 1788 ",0,NA,歸化
404553,鳥綱,Cuculidae,杜鵑科,八聲杜鵑,Cacomantis merulinus querulus,"Cacomantis merulinus querulus Heine, 1863 ",0,NA,原生
432208,鳥綱,Anatidae,雁鴨科,疣鼻棲鴨,Cairina moschata,"Cairina moschata Linnaeus, 1758 ",0,NA,歸化
432199,鳥綱,Alaudidae,百靈科,賽氏短趾百靈,Calandrella dukhunensis,"Calandrella dukhunensis Sykes, 1832 ",0,NA,原生
404556,鳥綱,Calcariidae,鐵爪鵐科,鐵爪鵐,Calcarius lapponicus coloratus,"Calcarius lapponicus coloratus Ridgway, 1898 ",0,NA,原生
380212,鳥綱,Scolopacidae,鷸科,尖尾濱鷸,Calidris acuminata,"Calidris acuminata Horsfield, 1821 ",0,LC,原生
380213,鳥綱,Scolopacidae,鷸科,三趾濱鷸,Calidris alba alba,"Calidris alba alba Pallas, 1764 ",0,NA,原生
432234,鳥綱,Scolopacidae,鷸科,黑腹濱鷸(庫頁島亞種),Calidris alpina actites,"Calidris alpina actites Nechaev & Tomkovich, 1988 ",0,NA,原生
432235,鳥綱,Scolopacidae,鷸科,黑腹濱鷸(美洲亞種),Calidris alpina arcticola,"Calidris alpina arcticola Todd, 1953 ",0,NA,原生
432233,鳥綱,Scolopacidae,鷸科,黑腹濱鷸(千島亞種),Calidris alpina kistchinsk,"Calidris alpina kistchinsk Tomkovich, 1986 ",0,NA,原生
432232,鳥綱,Scolopacidae,鷸科,黑腹濱鷸(北部亞種),Calidris alpina sakhalina,"Calidris alpina sakhalina Vieillot, 1816 ",0,VU,原生
432231,鳥綱,Scolopacidae,鷸科,紅腹濱鷸(中部亞種),Calidris canutus piersmai,"Calidris canutus piersmai Tomkovich, 2001 ",0,NA,原生
432230,鳥綱,Scolopacidae,鷸科,紅腹濱鷸(東部亞種),Calidris canutus rogersi,"Calidris canutus rogersi Mathews, 1913 ",0,VU,原生
428563,鳥綱,Scolopacidae,鷸科,寬嘴鷸,Calidris falcinellus sibirica,"Calidris falcinellus sibirica Dresser, 1876 ",0,NA,原生
380216,鳥綱,Scolopacidae,鷸科,彎嘴濱鷸,Calidris ferruginea,"Calidris ferruginea Pontoppidan, 1763 ",0,LC,原生
404557,鳥綱,Scolopacidae,鷸科,高蹺濱鷸,Calidris himantopus,"Calidris himantopus Bonaparte, 1826 ",0,NA,原生
380217,鳥綱,Scolopacidae,鷸科,西濱鷸,Calidris mauri,"Calidris mauri Cabanis, 1857 ",0,NA,原生
404558,鳥綱,Scolopacidae,鷸科,美洲尖尾濱鷸,Calidris melanotos,"Calidris melanotos Vieillot, 1819 ",0,NA,原生
380218,鳥綱,Scolopacidae,鷸科,小濱鷸,Calidris minuta,"Calidris minuta Leisler, 1812 ",0,NA,原生
428562,鳥綱,Scolopacidae,鷸科,流蘇鷸,Calidris pugnax,"Calidris pugnax Linnaeus, 1758 ",0,NA,原生
435225,鳥綱,Scolopacidae,鷸科,琵嘴鷸,Calidris pygmaea,"Calidris pygmaea Linnaeus, 1758 ",0,CR,原生
380219,鳥綱,Scolopacidae,鷸科,紅胸濱鷸,Calidris ruficollis,"Calidris ruficollis Pallas, 1776 ",0,VU,原生
380220,鳥綱,Scolopacidae,鷸科,長趾濱鷸,Calidris subminuta,"Calidris subminuta von Middendorff, 1853 ",0,LC,原生
428565,鳥綱,Scolopacidae,鷸科,黃胸鷸,Calidris subruficollis,"Calidris subruficollis Vieillot, 1819 ",0,NA,原生
380221,鳥綱,Scolopacidae,鷸科,丹氏濱鷸,Calidris temminckii,"Calidris temminckii Leisler, 1812 ",0,VU,原生
380222,鳥綱,Scolopacidae,鷸科,大濱鷸,Calidris tenuirostris,"Calidris tenuirostris Horsfield, 1821 ",0,EN,原生
425338,鳥綱,Muscicapidae,鶲科,野鴝(指名亞種),Calliope calliope calliope,"Calliope calliope calliope Pallas, 1776 ",0,LC,原生
425210,鳥綱,Muscicapidae,鶲科,野鴝(勘察加亞種),Calliope calliope camtschatkensis,"Calliope calliope camtschatkensis Gemlin, 1789 ",0,LC,原生
380200,鳥綱,Procellariidae,鸌科,大水薙鳥,Calonectris leucomelas,"Calonectris leucomelas Temminck, 1836 ",0,NT,原生
432197,鳥綱,Caprimulgidae,夜鷹科,南亞夜鷹(大陸亞種),Caprimulgus affinis amoyensis,"Caprimulgus affinis amoyensis Baker, ECS, 1931 ",0,NA,原生
380495,鳥綱,Caprimulgidae,夜鷹科,南亞夜鷹(臺灣亞種),Caprimulgus affinis stictomus,"Caprimulgus affinis stictomus Horsfield, 1821 ",1,LC,原生
430650,鳥綱,Caprimulgidae,夜鷹科,普通夜鷹,Caprimulgus jotaka jotaka,"Caprimulgus jotaka jotaka Latham, 1790 ",0,NA,原生
404559,鳥綱,Fringillidae,雀科,普通朱雀,Carpodacus erythrinus grebnitskii,"Carpodacus erythrinus grebnitskii Stejneger, 1885 ",0,NA,原生
425192,鳥綱,Fringillidae,雀科,臺灣朱雀,Carpodacus formosanus,"Carpodacus formosanus Ogilvie-Grant, 1911 ",1,LC,原生
428604,鳥綱,Fringillidae,雀科,北朱雀,Carpodacus roseus roseus,"Carpodacus roseus roseus Pallas, 1776 ",0,NA,原生
435239,鳥綱,Fringillidae,雀科,酒紅朱雀,Carpodacus vinaceus vinaceus,"Carpodacus vinaceus vinaceus Verreaux, 1871 ",0,NA,原生
404560,鳥綱,Hirundinidae,燕科,金腰燕,Cecropis daurica japonica,"Cecropis daurica japonica Temminck & Schlegel, 1845 ",0,NA,原生
404561,鳥綱,Hirundinidae,燕科,赤腰燕,Cecropis striolata striolata,"Cecropis striolata striolata Schlegel, 1844 ",0,NA,原生
380278,鳥綱,Cuculidae,杜鵑科,番鵑,Centropus bengalensis lignator,"Centropus bengalensis lignator Swinhoe, 1861 ",0,NA,原生
432250,鳥綱,Cuculidae,杜鵑科,褐翅鴉鵑,Centropus sinensis sinensis,"Centropus sinensis sinensis Stephens, 1815 ",0,NA,原生
432253,鳥綱,Alcedinidae,翠鳥科,斑翡翠,Ceryle rudis insignis,"Ceryle rudis insignis Hartert, E, 1910 ",0,NA,原生
432254,鳥綱,Alcedinidae,翠鳥科,黑背三趾翠鳥,Ceyx erithaca erithaca,"Ceyx erithaca erithaca Linnaeus, 1758 ",0,NA,原生
435207,鳥綱,Alcedinidae,翠鳥科,赤背三趾翠鳥,Ceyx rufidorsa motleyi,"Ceyx rufidorsa motleyi Chasen & Kloss, 1929 ",0,NA,原生
380261,鳥綱,Columbidae,鳩鴿科,翠翼鳩,Chalcophaps indica indica,"Chalcophaps indica indica Linnaeus, 1758 ",0,NA,原生
432228,鳥綱,Charadriidae,鴴科,東方環頸鴴(指名亞種),Charadrius alexandrinus alexandrinus,"Charadrius alexandrinus alexandrinus Linnaeus, 1758 ",0,LC,原生
435242,鳥綱,Charadriidae,鴴科,東方環頸鴴(日本亞種),Charadrius alexandrinus nihonensis,"Charadrius alexandrinus nihonensis Swinhoe, 1870 ",0,NA,原生
420005,鳥綱,Charadriidae,鴴科,白臉鴴,Charadrius dealbatus,"Charadrius dealbatus Swinhoe, 1870 ",0,NA,原生
380139,鳥綱,Charadriidae,鴴科,小環頸鴴,Charadrius dubius curonicus,"Charadrius dubius curonicus Gmelin, JF, 1789 ",0,NA,原生
380140,鳥綱,Charadriidae,鴴科,環頸鴴,Charadrius hiaticula tundrae,"Charadrius hiaticula tundrae Lowe, PR, 1915 ",0,NA,原生
380141,鳥綱,Charadriidae,鴴科,鐵嘴鴴,Charadrius leschenaultii leschenaultii,"Charadrius leschenaultii leschenaultii Lesson, 1826 ",0,NA,原生
380142,鳥綱,Charadriidae,鴴科,蒙古鴴(指名亞種),Charadrius mongolus mongolus,"Charadrius mongolus mongolus Pallas, 1776 ",0,LC,原生
420280,鳥綱,Charadriidae,鴴科,蒙古鴴(堪察加亞種),Charadrius mongolus stegmanni,"Charadrius mongolus stegmanni Portenko, 1939 ",0,LC,原生
380143,鳥綱,Charadriidae,鴴科,劍鴴,Charadrius placidus,"Charadrius placidus Gray & Gray, 1863 ",0,NA,原生
380144,鳥綱,Charadriidae,鴴科,東方紅胸鴴,Charadrius veredus,"Charadrius veredus Gould, 1848 ",0,NA,原生
404564,鳥綱,Laridae,鷗科,黑腹燕鷗,Chlidonias hybrida hybrida,"Chlidonias hybrida hybrida Pallas, 1811 ",0,NA,原生
380167,鳥綱,Laridae,鷗科,白翅黑燕鷗,Chlidonias leucopterus,"Chlidonias leucopterus Temminck, 1815 ",0,LC,原生
380168,鳥綱,Laridae,鷗科,黑浮鷗,Chlidonias niger niger,"Chlidonias niger niger Linnaeus, 1758 ",0,NA,原生
425191,鳥綱,Fringillidae,雀科,金翅雀(日本亞種),Chloris sinica kawarahiba,"Chloris sinica kawarahiba Temminck, 1836 ",0,LC,原生
432299,鳥綱,Fringillidae,雀科,金翅雀(中國亞種),Chloris sinica sinica,"Chloris sinica sinica Linnaeus, 1766 ",0,NA,原生
443090,鳥綱,Irenidae,和平鳥科,橙腹葉鵯,Chloropsis hardwickii,"Chloropsis hardwickii Jardine & Selby, 1830 ",0,NA,歸化
419701,鳥綱,Laridae,鷗科,棕頭鷗,Chroicocephalus brunnicephalus,"Chroicocephalus brunnicephalus Jerdon, 1840 ",0,NA,原生
428567,鳥綱,Laridae,鷗科,細嘴鷗,Chroicocephalus genei,"Chroicocephalus genei Breme, 1839 ",0,NA,原生
432240,鳥綱,Laridae,鷗科,澳洲紅嘴鷗,Chroicocephalus novaehollandiae forsteri,"Chroicocephalus novaehollandiae forsteri Mathews, 1912 ",0,NA,原生
419699,鳥綱,Laridae,鷗科,紅嘴鷗,Chroicocephalus ridibundus,"Chroicocephalus ridibundus Linnaeus, 1766 ",0,LC,原生
443091,鳥綱,Phasianidae,雉科,紅腹錦雞,Chrysolophus pictus,"Chrysolophus pictus Linnaeus, 1758 ",0,NA,歸化
404565,鳥綱,Ciconiidae,鸛科,東方白鸛,Ciconia boyciana,"Ciconia boyciana Swinhoe, 1873 ",0,EN,原生
380153,鳥綱,Ciconiidae,鸛科,黑鸛,Ciconia nigra,"Ciconia nigra Linnaeus, 1758 ",0,NA,原生
380311,鳥綱,Cinclidae,河烏科,河烏,Cinclus pallasii pallasii,"Cinclus pallasii pallasii Temminck, 1820 ",0,NA,原生
428601,鳥綱,Nectariniidae,吸蜜鳥科,黃腹花蜜鳥,Cinnyris jugularis rhizophorae,"Cinnyris jugularis rhizophorae Swinhoe, 1869 ",0,NA,原生
435206,鳥綱,Accipitridae,鷹科,西方澤鵟,Circus aeruginosus,"Circus aeruginosus Linnaeus, 1758 ",0,NA,原生
380108,鳥綱,Accipitridae,鷹科,灰澤鵟,Circus cyaneus cyaneus,"Circus cyaneus cyaneus Linnaeus, 1766 ",0,NA,原生
380109,鳥綱,Accipitridae,鷹科,花澤鵟,Circus melanoleucos,"Circus melanoleucos Pennant, 1769 ",0,NA,原生
421025,鳥綱,Accipitridae,鷹科,東方澤鵟,Circus spilonotus,"Circus spilonotus Kaup, 1847 ",0,NA,原生
380312,鳥綱,Cisticolidae,扇尾鶯科,黃頭扇尾鶯,Cisticola exilis volitans,"Cisticola exilis volitans Swinhoe, 1859 ",1,LC,原生
380313,鳥綱,Cisticolidae,扇尾鶯科,棕扇尾鶯,Cisticola juncidis tinnabulans,"Cisticola juncidis tinnabulans Swinhoe, 1859 ",0,NA,原生
380279,鳥綱,Cuculidae,杜鵑科,冠郭公,Clamator coromandus,"Clamator coromandus Linnaeus, 1766 ",0,NA,原生
428570,鳥綱,Cuculidae,杜鵑科,斑翅鳳頭鵑,Clamator jacobinus pica,"Clamator jacobinus pica Hemprich & Ehrenberg, 1833 ",0,NA,原生
427287,鳥綱,Accipitridae,鷹科,花鵰,Clanga clanga,"Clanga clanga Pallas, 1811 ",0,NA,原生
428561,鳥綱,Anatidae,雁鴨科,長尾鴨,Clangula hyemalis,"Clangula hyemalis Linnaeus, 1758 ",0,NA,原生
380341,鳥綱,Fringillidae,雀科,臘嘴雀,Coccothraustes coccothraustes japonicus,"Coccothraustes coccothraustes japonicus Temminck & Schlegel, 1848 ",0,NA,原生
380262,鳥綱,Columbidae,鳩鴿科,黑林鴿,Columba janthina janthina,"Columba janthina janthina Temminck, 1830 ",0,NA,原生
404566,鳥綱,Columbidae,鳩鴿科,岩鴿,Columba livia,"Columba livia Gmelin, 1789 ",0,NA,歸化
380263,鳥綱,Columbidae,鳩鴿科,灰林鴿,Columba pulchricollis,"Columba pulchricollis Blyth, 1846 ",0,LC,原生
435201,鳥綱,Columbidae,鳩鴿科,白喉林鴿,Columba vitiensis,"Columba vitiensis Quoy & Gaimard, 1830 ",0,NA,原生
419423,鳥綱,Muscicapidae,鶲科,白腰鵲鴝,Copsychus malabaricus,"Copsychus malabaricus Scopoli, 1786 ",0,NA,歸化
432289,鳥綱,Muscicapidae,鶲科,鵲鴝(大陸亞種),Copsychus saularis saularis,"Copsychus saularis saularis Linnaeus, 1758 ",0,NA,原生
380317,鳥綱,Campephagidae,山椒鳥科,花翅山椒,Coracina macei rexpineti,"Coracina macei rexpineti Swinhoe, 1863 ",0,NA,原生
404567,鳥綱,Corvidae,鴉科,小嘴烏鴉,Corvus corone orientalis,"Corvus corone orientalis Eversmann, 1841 ",0,NA,原生
380319,鳥綱,Corvidae,鴉科,東方寒鴉,Corvus dauuricus,"Corvus dauuricus Pallas, 1776 ",0,NA,原生
380320,鳥綱,Corvidae,鴉科,禿鼻鴉,Corvus frugilegus pastinator,"Corvus frugilegus pastinator Gould, 1845 ",0,NA,原生
380321,鳥綱,Corvidae,鴉科,巨嘴鴉,Corvus macrorhynchos colonorum,"Corvus macrorhynchos colonorum Swinhoe, 1864 ",0,NA,原生
404568,鳥綱,Corvidae,鴉科,玉頸鴉,Corvus pectoralis,"Corvus pectoralis Gould, 1836 ",0,VU,原生
404569,鳥綱,Corvidae,鴉科,家烏鴉,Corvus splendens insolens,"Corvus splendens insolens Hume, 1874 ",0,NA,原生
380288,鳥綱,Phasianidae,雉科,鵪鶉,Coturnix japonica,"Coturnix japonica Temminck & Schlegel, 1849 ",0,NA,原生
380280,鳥綱,Cuculidae,杜鵑科,大杜鵑,Cuculus canorus canorus,"Cuculus canorus canorus Linnaeus, 1758 ",0,NA,原生
404571,鳥綱,Cuculidae,杜鵑科,四聲杜鵑,Cuculus micropterus micropterus,"Cuculus micropterus micropterus Gould, 1838 ",0,NA,原生
420070,鳥綱,Cuculidae,杜鵑科,北方中杜鵑,Cuculus optatus,"Cuculus optatus Gould, 1845 ",0,NA,原生
380281,鳥綱,Cuculidae,杜鵑科,小杜鵑,Cuculus poliocephalus,"Cuculus poliocephalus Latham, 1790 ",0,NA,原生
420935,鳥綱,Cuculidae,杜鵑科,喜馬拉雅中杜鵑,Cuculus saturatus,"Cuculus saturatus Blyth, 1843 ",0,LC,原生
404572,鳥綱,Stenostiridae,細嘴鶲科,方尾鶲,Culicicapa ceylonensis calochrysea,"Culicicapa ceylonensis calochrysea Oberholser, 1923 ",0,NA,原生
444668,鳥綱,Sylviidae,鶯科,白喉林鶯,Curruca curruca,"Curruca curruca Linnaeus, 1758 ",0,NA,原生
444669,鳥綱,Sylviidae,鶯科,漠地林鶯,Curruca nana,"Curruca nana Ehrenberg, 1833 ",0,NA,原生
428592,鳥綱,Timaliidae,畫眉科,山紅頭,Cyanoderma ruficeps praecognitum,"Cyanoderma ruficeps praecognitum Swinhoe, 1866 ",1,LC,原生
425198,鳥綱,Corvidae,鴉科,灰喜鵲,Cyanopica cyanus,"Cyanopica cyanus Pallas, 1776 ",0,NA,原生
430642,鳥綱,Muscicapidae,鶲科,琉璃藍鶲,Cyanoptila cumatilis,"Cyanoptila cumatilis Thayer & Bangs, 1909 ",0,NA,原生
419687,鳥綱,Muscicapidae,鶲科,白腹琉璃,Cyanoptila cyanomelana cyanomelana,"Cyanoptila cyanomelana cyanomelana Temminck, 1829 ",0,NA,原生
432207,鳥綱,Anatidae,雁鴨科,黑天鵝,Cygnus atratus,"Cygnus atratus Latham, 1790 ",0,NA,歸化
380082,鳥綱,Anatidae,雁鴨科,小天鵝,Cygnus columbianus bewickii,"Cygnus columbianus bewickii Yarrell, 1830 ",0,NA,原生
380083,鳥綱,Anatidae,雁鴨科,大天鵝,Cygnus cygnus,"Cygnus cygnus Linnaeus, 1758 ",0,NA,原生
380084,鳥綱,Anatidae,雁鴨科,疣鼻天鵝,Cygnus olor,"Cygnus olor Gmelin, 1789 ",0,NA,原生
425226,鳥綱,Muscicapidae,鶲科,白喉林鶲,Cyornis brunneatus,"Cyornis brunneatus Slater, 1897 ",0,NA,原生
444646,鳥綱,Muscicapidae,鶲科,中華藍仙鶲,Cyornis glaucicomans,"Cyornis glaucicomans Thayer & Bangs, 1909 ",0,NA,原生
432290,鳥綱,Muscicapidae,鶲科,海南藍仙鶲,Cyornis hainanus,"Cyornis hainanus Ogilvie-Grant, 1900 ",0,NA,原生
444675,鳥綱,Muscicapidae,鶲科,山藍仙鶲,Cyornis whitei,"Cyornis whitei Harington, 1908 ",0,NA,原生
432272,鳥綱,Hirundinidae,燕科,東方毛腳燕(日本亞種),Delichon dasypus dasypus,"Delichon dasypus dasypus Bonaparte, 1850 ",0,NA,原生
380361,鳥綱,Hirundinidae,燕科,東方毛腳燕(臺灣亞種),Delichon dasypus nigrimentale,"Delichon dasypus nigrimentale Hartert, 1910 ",0,LC,原生
428572,鳥綱,Hirundinidae,燕科,白腹毛腳燕,Delichon urbicum lagopodum,"Delichon urbicum lagopodum Linnaeus, 1758 ",0,NA,原生
380323,鳥綱,Corvidae,鴉科,樹鵲(臺灣亞種),Dendrocitta formosae formosae,"Dendrocitta formosae formosae Swinhoe, 1863 ",1,LC,原生
432271,鳥綱,Corvidae,鴉科,樹鵲(大陸亞種),Dendrocitta formosae sinica,"Dendrocitta formosae sinica Stresemann, 1913 ",0,NA,原生
380492,鳥綱,Picidae,啄木鳥科,大赤啄木,Dendrocopos leucotos insularis,"Dendrocopos leucotos insularis Gould, 1863 ",1,NT,原生
380092,鳥綱,Anatidae,雁鴨科,樹鴨,Dendrocygna javanica,"Dendrocygna javanica Horsfield, 1821 ",0,NA,原生
380424,鳥綱,Motacillidae,鶺鴒科,山鶺鴒,Dendronanthus indicus,"Dendronanthus indicus J. F. Gmelin, 1789 ",0,NA,原生
428600,鳥綱,Dicaeidae,啄花科,紅胸啄花,Dicaeum ignipectus formosum,"Dicaeum ignipectus formosum Ogilvie-Grant, 1912 ",1,LC,原生
425199,鳥綱,Dicaeidae,啄花科,綠啄花,Dicaeum minullum uchidai,"Dicaeum minullum uchidai Kuroda, 1920 ",1,LC,原生
380324,鳥綱,Dicruridae,卷尾科,小卷尾,Dicrurus aeneus braunianus,"Dicrurus aeneus braunianus Swinhoe, 1863 ",1,LC,原生
427290,鳥綱,Dicruridae,卷尾科,鴉嘴卷尾,Dicrurus annectans,"Dicrurus annectans Hodgson, 1836 ",0,NA,原生
404575,鳥綱,Dicruridae,卷尾科,髮冠卷尾,Dicrurus hottentottus brevirostris,"Dicrurus hottentottus brevirostris Cabanis, 1851 ",0,NA,原生
380325,鳥綱,Dicruridae,卷尾科,灰卷尾,Dicrurus leucophaeus leucogenis,"Dicrurus leucophaeus leucogenis Walden, 1870 ",0,NA,原生
380326,鳥綱,Dicruridae,卷尾科,大卷尾(福建亞種),Dicrurus macrocercus cathoecus,"Dicrurus macrocercus cathoecus Swinhoe, 1871 ",0,NA,原生
420271,鳥綱,Dicruridae,卷尾科,大卷尾(臺灣亞種),Dicrurus macrocercus harterti,"Dicrurus macrocercus harterti Baker, ECS, 1918 ",1,LC,原生
380128,鳥綱,Ardeidae,鷺科,唐白鷺,Egretta eulophotes,"Egretta eulophotes Swinhoe, 1860 ",0,VU,原生
380129,鳥綱,Ardeidae,鷺科,小白鷺,Egretta garzetta garzetta,"Egretta garzetta garzetta Linnaeus, 1766 ",0,NA,原生
432220,鳥綱,Ardeidae,鷺科,白臉鷺,Egretta novaehollandiae novaehollandiae,"Egretta novaehollandiae novaehollandiae Latham, 1790 ",0,NA,原生
404577,鳥綱,Ardeidae,鷺科,白頸黑鷺,Egretta picata,"Egretta picata Gould, 1845 ",0,NA,原生
380131,鳥綱,Ardeidae,鷺科,岩鷺,Egretta sacra sacra,"Egretta sacra sacra J. F. Gmelin, 1789 ",0,NA,原生
404578,鳥綱,Accipitridae,鷹科,黑翅鳶,Elanus caeruleus vociferus,"Elanus caeruleus vociferus Latham, 1790 ",0,NA,原生
380342,鳥綱,Emberizidae,鵐科,金鵐,Emberiza aureola ornata,"Emberiza aureola ornata Shulpin, 1928 ",0,NA,原生
419666,鳥綱,Emberizidae,鵐科,褐頭鵐,Emberiza bruniceps,"Emberiza bruniceps von Brandt, 1841 ",0,NA,原生
380344,鳥綱,Emberizidae,鵐科,黃眉鵐,Emberiza chrysophrys,"Emberiza chrysophrys Pallas, 1776 ",0,LC,原生
380345,鳥綱,Emberizidae,鵐科,草鵐,Emberiza cioides castaneiceps,"Emberiza cioides castaneiceps Moore, F, 1856 ",0,NA,原生
380346,鳥綱,Emberizidae,鵐科,黃喉鵐,Emberiza elegans elegans,"Emberiza elegans elegans Temminck, 1836 ",0,NA,原生
380347,鳥綱,Emberizidae,鵐科,赤胸鵐(指名亞種),Emberiza fucata fucata,"Emberiza fucata fucata Pallas, 1776 ",0,NA,原生
420246,鳥綱,Emberizidae,鵐科,赤胸鵐(掛墩亞種),Emberiza fucata kuatunensis,"Emberiza fucata kuatunensis La Touche, 1925 ",0,NA,原生
444651,鳥綱,Emberizidae,鵐科,圃鵐,Emberiza hortulana,Emberiza hortulana Linnaeus 1785 ,0,NA,原生
420230,鳥綱,Emberizidae,鵐科,冠鵐,Emberiza lathami,"Emberiza lathami J. E. Gray, 1831 ",0,NA,原生
404579,鳥綱,Emberizidae,鵐科,白頭鵐,Emberiza leucocephalos leucocephalos,"Emberiza leucocephalos leucocephalos Gmelin, SG, 1771 ",0,NA,原生
404580,鳥綱,Emberizidae,鵐科,黑頭鵐,Emberiza melanocephala,"Emberiza melanocephala Scopoli, 1769 ",0,NA,原生
380348,鳥綱,Emberizidae,鵐科,葦鵐,Emberiza pallasi polaris,"Emberiza pallasi polaris von Middendorff, 1853 ",0,NA,原生
380349,鳥綱,Emberizidae,鵐科,小鵐,Emberiza pusilla,"Emberiza pusilla Pallas, 1776 ",0,LC,原生
380350,鳥綱,Emberizidae,鵐科,田鵐,Emberiza rustica,"Emberiza rustica Pallas, 1776 ",0,NA,原生
380351,鳥綱,Emberizidae,鵐科,鏽鵐,Emberiza rutila,"Emberiza rutila Pallas, 1776 ",0,LC,原生
380352,鳥綱,Emberizidae,鵐科,蘆鵐(疆西亞種),Emberiza schoeniclus pallidior,"Emberiza schoeniclus pallidior Hartert, E, 1904 ",0,NA,原生
420245,鳥綱,Emberizidae,鵐科,黑臉鵐(日本亞種),Emberiza spodocephala personata,"Emberiza spodocephala personata Temminck, 1836 ",0,LC,原生
425200,鳥綱,Emberizidae,鵐科,黑臉鵐(華南亞種),Emberiza spodocephala sordida,"Emberiza spodocephala sordida Blyth, 1844 ",0,LC,原生
380353,鳥綱,Emberizidae,鵐科,黑臉鵐(指名亞種),Emberiza spodocephala spodocephala,"Emberiza spodocephala spodocephala Pallas, 1776 ",0,LC,原生
432180,鳥綱,Emberizidae,鵐科,白頂鵐,Emberiza stewarti,"Emberiza stewarti Blyth, 1854 ",0,NA,原生
404581,鳥綱,Emberizidae,鵐科,野鵐,Emberiza sulphurata,"Emberiza sulphurata Temminck & Schlegel, 1848 ",0,VU,原生
380354,鳥綱,Emberizidae,鵐科,白眉鵐,Emberiza tristrami,"Emberiza tristrami Swinhoe, 1870 ",0,LC,原生
404582,鳥綱,Emberizidae,鵐科,灰鵐,Emberiza variabilis,"Emberiza variabilis Temminck, 1836 ",0,NA,原生
427298,鳥綱,Emberizidae,鵐科,紅頸葦鵐,Emberiza yessoensis continentalis,"Emberiza yessoensis continentalis Witherby, 1913 ",0,NA,原生
380375,鳥綱,Muscicapidae,鶲科,小剪尾,Enicurus scouleri fortis,"Enicurus scouleri fortis Hartert, 1910 ",1,VU,原生
380355,鳥綱,Fringillidae,雀科,小桑鳲,Eophona migratoria migratoria,"Eophona migratoria migratoria Hartert, 1903 ",0,NA,原生
432300,鳥綱,Fringillidae,雀科,桑鳲(日本亞種),Eophona personata magnirostris,"Eophona personata magnirostris Hartert, E, 1896 ",0,NA,原生
380356,鳥綱,Fringillidae,雀科,桑鳲(中國亞種),Eophona personata personata,"Eophona personata personata Temminck & Schlegel, 1848 ",0,NA,原生
419432,鳥綱,Psittacidae,鸚鵡科,紅色吸蜜鸚鵡,Eos bornea,"Eos bornea Linnaeus, 1758 ",0,NA,歸化
425240,鳥綱,Vireonidae,綠鵙科,綠畫眉,Erpornis zantholeuca griseiloris,"Erpornis zantholeuca griseiloris Stresemann, 1923 ",0,NA,原生
444671,鳥綱,Timaliidae,畫眉科,大彎嘴,Erythrogenys erythrocnemis,"Erythrogenys erythrocnemis Gould, 1863 ",1,LC,原生
419420,鳥綱,Estrildidae,梅花雀科,橫斑梅花雀,Estrilda astrild,"Estrilda astrild Linnaeus, 1758 ",0,NA,歸化
404584,鳥綱,Estrildidae,梅花雀科,橙頰梅花雀,Estrilda melpoda melpoda,"Estrilda melpoda melpoda Vieillot, 1817 ",0,NA,歸化
404585,鳥綱,Cuculidae,杜鵑科,噪鵑,Eudynamys scolopaceus chinensis,"Eudynamys scolopaceus chinensis Cabanis & Heine, 1863 ",0,NA,原生
404586,鳥綱,Muscicapidae,鶲科,銅藍鶲,Eumyias thalassinus thalassinus,"Eumyias thalassinus thalassinus Swainson, 1838 ",0,NA,原生
419848,鳥綱,Estrildidae,梅花雀科,白喉文鳥,Euodice malabarica,"Euodice malabarica Linnaeus, 1758 ",NA,NA,歸化
432257,鳥綱,Coraciidae,佛法僧科,佛法僧,Eurystomus orientalis cyanocollis,"Eurystomus orientalis cyanocollis Sharpe, 1890 ",0,NA,原生
404587,鳥綱,Falconidae,隼科,紅腳隼,Falco amurensis,"Falco amurensis Radde, 1863 ",0,NA,原生
380154,鳥綱,Falconidae,隼科,灰背隼(普通亞種),Falco columbarius insignis,"Falco columbarius insignis Clark, AH, 1907 ",0,NA,原生
420285,鳥綱,Falconidae,隼科,灰背隼(太平洋亞種),Falco columbarius pacificus,"Falco columbarius pacificus Stegmann, 1929 ",0,NA,原生
404588,鳥綱,Falconidae,隼科,黃爪隼,Falco naumanni,"Falco naumanni Fleischer, 1818 ",0,NA,原生
380155,鳥綱,Falconidae,隼科,遊隼,Falco peregrinus calidus,"Falco peregrinus calidus Latham, 1790 ",0,LC,原生
432260,鳥綱,Falconidae,隼科,遊隼(菲律賓亞種),Falco peregrinus ernesti,"Falco peregrinus ernesti Sharpe, 1894 ",0,LC,原生
432259,鳥綱,Falconidae,隼科,遊隼(日本亞種),Falco peregrinus japonensis,"Falco peregrinus japonensis Gmelin, JF, 1788 ",0,LC,原生
420283,鳥綱,Falconidae,隼科,遊隼(赤胸隼),Falco peregrinus peregrinator,"Falco peregrinus peregrinator Sundevall, 1837 ",0,NA,原生
420284,鳥綱,Falconidae,隼科,燕隼(南方亞種),Falco subbuteo streichi,"Falco subbuteo streichi Hartert & Neumann, 1907 ",0,NA,原生
380156,鳥綱,Falconidae,隼科,燕隼(指名亞種),Falco subbuteo subbuteo,"Falco subbuteo subbuteo Linnaeus, 1758 ",0,NA,原生
420286,鳥綱,Falconidae,隼科,紅隼(普通亞種),Falco tinnunculus interstinctus,"Falco tinnunculus interstinctus McClelland, 1840 ",0,LC,原生
380157,鳥綱,Falconidae,隼科,紅隼(指名亞種),Falco tinnunculus tinnunculus,"Falco tinnunculus tinnunculus Linnaeus, 1758 ",0,LC,原生
419839,鳥綱,Muscicapidae,鶲科,紅喉鶲,Ficedula albicilla,"Ficedula albicilla Pallas, 1811 ",0,NA,原生
430641,鳥綱,Muscicapidae,鶲科,綠背姬鶲,Ficedula elisae,"Ficedula elisae Weigold, 1922 ",0,NA,原生
435235,鳥綱,Muscicapidae,鶲科,鏽胸藍姬鶲,Ficedula erithacus,"Ficedula erithacus Jerdon and Blyth, 1861 ",0,NA,原生
380378,鳥綱,Muscicapidae,鶲科,黃胸青鶲,Ficedula hyperythra innexa,"Ficedula hyperythra innexa Swinhoe, 1866 ",1,LC,原生
380379,鳥綱,Muscicapidae,鶲科,白眉黃鶲,Ficedula mugimaki,"Ficedula mugimaki Temminck, 1836 ",0,LC,原生
421110,鳥綱,Muscicapidae,鶲科,黃眉黃鶲,Ficedula narcissina,"Ficedula narcissina Temminck, 1835 ",0,LC,原生
444652,鳥綱,Muscicapidae,鶲科,琉球姬鶲,Ficedula owstoni,"Ficedula owstoni Bangs, 1901 ",0,NA,原生
420996,鳥綱,Muscicapidae,鶲科,紅胸鶲,Ficedula parva,"Ficedula parva Bechstein, 1792 ",0,NA,原生
432172,鳥綱,Muscicapidae,鶲科,橙胸姬鶲,Ficedula strophiata,"Ficedula strophiata Hodgson, 1837 ",0,NA,原生
380382,鳥綱,Muscicapidae,鶲科,白眉鶲,Ficedula zanthopygia,"Ficedula zanthopygia Hay, 1845 ",0,NA,原生
444643,鳥綱,Fregatidae,軍艦鳥科,聖誕島軍艦鳥,Fregata andrewsi,"Fregata andrewsi Mathews, 1914 ",0,NA,原生
432216,鳥綱,Fregatidae,軍艦鳥科,白斑軍艦鳥,Fregata ariel ariel,"Fregata ariel ariel Gray, 1845 ",0,NA,原生
380159,鳥綱,Fregatidae,軍艦鳥科,軍艦鳥,Fregata minor minor,"Fregata minor minor J. F. Gmelin, 1789 ",0,NA,原生
380357,鳥綱,Fringillidae,雀科,花雀,Fringilla montifringilla,"Fringilla montifringilla Linnaeus, 1758 ",0,LC,原生
380297,鳥綱,Rallidae,秧雞科,白冠雞,Fulica atra atra,"Fulica atra atra Linnaeus, 1758 ",0,NA,原生
432173,鳥綱,Procellariidae,鸌科,暴風鸌,Fulmarus glacialis,"Fulmarus glacialis Linnaeus, 1761 ",0,NA,原生
425189,鳥綱,Paradoxornithidae,鸚嘴科,褐頭花翼,Fulvetta formosana,"Fulvetta formosana Ogilvie-Grant, 1906 ",1,NT,原生
380298,鳥綱,Rallidae,秧雞科,董雞,Gallicrex cinerea,"Gallicrex cinerea Gmelin, 1789 ",0,VU,原生
380224,鳥綱,Scolopacidae,鷸科,田鷸,Gallinago gallinago gallinago,"Gallinago gallinago gallinago Linnaeus, 1758 ",0,NA,原生
380225,鳥綱,Scolopacidae,鷸科,大地鷸,Gallinago hardwickii,"Gallinago hardwickii Gray, 1831 ",0,NA,原生
380226,鳥綱,Scolopacidae,鷸科,中地鷸,Gallinago megala,"Gallinago megala Swinhoe, 1861 ",0,LC,原生
435203,鳥綱,Scolopacidae,鷸科,孤田鷸,Gallinago solitaria,"Gallinago solitaria Hodgson, 1831 ",0,NA,原生
380227,鳥綱,Scolopacidae,鷸科,針尾鷸,Gallinago stenura,"Gallinago stenura Bonaparte, 1831 ",0,LC,原生
380299,鳥綱,Rallidae,秧雞科,紅冠水雞,Gallinula chloropus chloropus,"Gallinula chloropus chloropus Linnaeus, 1758 ",0,NA,原生
443092,鳥綱,Phasianidae,雉科,紅原雞,Gallus gallus domesticus,"Gallus gallus domesticus Linnaeus, 1758 ",0,NA,歸化
432287,鳥綱,Leiothrichidae,噪眉科,大陸畫眉,Garrulax canorus canorus,"Garrulax canorus canorus Linnaeus, 1758 ",0,NA,原生
404589,鳥綱,Leiothrichidae,噪眉科,臺灣畫眉,Garrulax taewanus,"Garrulax taewanus Swinhoe, 1859 ",1,EN,原生
425203,鳥綱,Corvidae,鴉科,松鴉,Garrulus glandarius taivanus,"Garrulus glandarius taivanus Gould, 1862 ",1,VU,原生
419625,鳥綱,Gaviidae,潛鳥科,白嘴潛鳥,Gavia adamsii,"Gavia adamsii G. R. Gray, 1859 ",NA,NA,原生
432209,鳥綱,Gaviidae,潛鳥科,黑喉潛鳥,Gavia arctica viridigularis,"Gavia arctica viridigularis Dwight, 1918 ",NA,NA,原生
419624,鳥綱,Gaviidae,潛鳥科,太平洋潛鳥,Gavia pacifica,"Gavia pacifica Lawrence, 1858 ",NA,NA,原生
419621,鳥綱,Gaviidae,潛鳥科,紅喉潛鳥,Gavia stellata,"Gavia stellata Pontoppidan, 1763 ",NA,NA,原生
431225,鳥綱,Laridae,鷗科,鷗嘴燕鷗,Gelochelidon nilotica affinis,"Gelochelidon nilotica affinis Horsfield, 1821 ",0,NA,原生
427295,鳥綱,Turdidae,鶇科,橙頭地鶇,Geokichla citrina,"Geokichla citrina Latham, 1790 ",0,NA,原生
427296,鳥綱,Turdidae,鶇科,白眉地鶇(日本亞種),Geokichla sibirica davisoni,"Geokichla sibirica davisoni Hume, 1877 ",0,NA,原生
427297,鳥綱,Turdidae,鶇科,白眉地鶇(大陸亞種),Geokichla sibirica sibirica,"Geokichla sibirica sibirica Pallas, 1776 ",0,NA,原生
419417,鳥綱,Columbidae,鳩鴿科,斑馬鳩,Geopelia striata,"Geopelia striata Linnaeus, 1766 ",0,NA,歸化
380162,鳥綱,Glareolidae,燕鴴科,燕鴴,Glareola maldivarum,"Glareola maldivarum Forster, 1795 ",0,LC,原生
380132,鳥綱,Ardeidae,鷺科,麻鷺,Gorsachius goisagi,"Gorsachius goisagi Temminck, 1836 ",0,NA,原生
444660,鳥綱,Ardeidae,鷺科,黑冠麻鷺指名亞種,Gorsachius melanolophus melanolophus,"Gorsachius melanolophus melanolophus Raffles, 1822 ",0,NA,原生
419446,鳥綱,Sturnidae,椋鳥科,九官鳥,Gracula religiosa,"Gracula religiosa Linnaeus, 1758 ",0,NA,歸化
419447,鳥綱,Sturnidae,椋鳥科,黑領椋鳥,Gracupica nigricollis,"Gracupica nigricollis Paykull, 1807 ",0,LC,原生
420877,鳥綱,Gruidae,鶴科,灰鶴,Grus grus,"Grus grus Linnaeus, 1758 ",0,NA,原生
380293,鳥綱,Gruidae,鶴科,丹頂鶴,Grus japonensis,"Grus japonensis Statius Müller, 1776 ",0,NA,原生
380294,鳥綱,Gruidae,鶴科,白頭鶴,Grus monacha,"Grus monacha Temminck, 1835 ",0,NA,原生
380145,鳥綱,Haematopodidae,蠣鷸科,蠣鴴,Haematopus ostralegus osculans,"Haematopus ostralegus osculans Swinhoe, 1871 ",0,NA,原生
432255,鳥綱,Alcedinidae,翠鳥科,赤翡翠(琉球亞種),Halcyon coromanda bangsi,"Halcyon coromanda bangsi Oberholser, 1915 ",0,LC,原生
380274,鳥綱,Alcedinidae,翠鳥科,赤翡翠(日本亞種),Halcyon coromanda major,"Halcyon coromanda major Temminck & Schlegel, 1848 ",0,LC,原生
380275,鳥綱,Alcedinidae,翠鳥科,黑頭翡翠,Halcyon pileata,"Halcyon pileata Boddaert, 1783 ",0,NA,原生
380276,鳥綱,Alcedinidae,翠鳥科,蒼翡翠,Halcyon smyrnensis fokiensis,"Halcyon smyrnensis fokiensis Laubmann & Gotz, 1926 ",0,NA,原生
421135,鳥綱,Accipitridae,鷹科,白尾海鵰,Haliaeetus albicilla,"Haliaeetus albicilla Linnaeus, 1758 ",0,NA,原生
428071,鳥綱,Accipitridae,鷹科,白腹海鵰,Haliaeetus leucogaster,"Haliaeetus leucogaster J. F. Gmelin, 1788 ",0,NA,原生
420282,鳥綱,Accipitridae,鷹科,栗鳶,Haliastur indus indus,"Haliastur indus indus Boddaert, 1783 ",0,NA,原生
444663,鳥綱,Locustellidae,蝗鶯科,庫頁島蝗鶯,Helopsaltes amnicola,"Helopsaltes amnicola Stepanyan, 1972 ",0,NA,原生
444664,鳥綱,Locustellidae,蝗鶯科,小蝗鶯,Helopsaltes certhiola certhiola,"Helopsaltes certhiola certhiola Pallas, 1811 ",0,NA,原生
444662,鳥綱,Locustellidae,蝗鶯科,蒼眉蝗鶯,Helopsaltes fasciolata,"Helopsaltes fasciolata Gray, 1860 ",0,NA,原生
444665,鳥綱,Locustellidae,蝗鶯科,北蝗鶯(指名亞種),Helopsaltes ochotensis ochotensis,"Helopsaltes ochotensis ochotensis Middendorff, 1853 ",0,NA,原生
444666,鳥綱,Locustellidae,蝗鶯科,北蝗鶯(堪察加亞種),Helopsaltes ochotensis subcerthiola,"Helopsaltes ochotensis subcerthiola Swinhoe, 1874 ",0,NA,原生
444667,鳥綱,Locustellidae,蝗鶯科,史氏蝗鶯,Helopsaltes pleskei,"Helopsaltes pleskei Taczanowski, 1889 ",0,NA,原生
420129,鳥綱,Pycnonotidae,鵯科,栗背短腳鵯,Hemixos castanonotus canipennis,"Hemixos castanonotus canipennis Seebohm, 1890 ",0,NA,原生
380467,鳥綱,Leiothrichidae,噪眉科,白耳畫眉,Heterophasia auricularis,"Heterophasia auricularis Swinhoe, 1864 ",1,LC,原生
435205,鳥綱,Accipitridae,鷹科,靴隼鵰,Hieraaetus pennatus,"Hieraaetus pennatus Gmelin, 1788 ",0,NA,原生
419696,鳥綱,Cuculidae,杜鵑科,北方鷹鵑,Hierococcyx hyperythrus,"Hierococcyx hyperythrus Gould, 1856 ",NA,NA,原生
425196,鳥綱,Cuculidae,杜鵑科,棕腹鷹鵑,Hierococcyx nisicolor,"Hierococcyx nisicolor Blyth, 1843 ",0,NA,原生
419697,鳥綱,Cuculidae,杜鵑科,鷹鵑,Hierococcyx sparverioides,"Hierococcyx sparverioides Vigors, 1832 ",0,LC,原生
421072,鳥綱,Recurvirostridae,長腳鷸科,高蹺鴴,Himantopus himantopus,"Himantopus himantopus Linnaeus, 1758 ",0,LC,原生
380095,鳥綱,Apodidae,雨燕科,白喉針尾雨燕,Hirundapus caudacutus caudacutus,"Hirundapus caudacutus caudacutus Latham, 1802 ",0,NA,原生
430637,鳥綱,Apodidae,雨燕科,紫針尾雨燕,Hirundapus celebensis,"Hirundapus celebensis P. L. Sclater, 1866 ",0,NA,原生
404593,鳥綱,Apodidae,雨燕科,灰喉針尾雨燕,Hirundapus cochinchinensis formosanus,"Hirundapus cochinchinensis formosanus OuStalet, 1878 ",1,LC,原生
380362,鳥綱,Hirundinidae,燕科,家燕(白腹亞種),Hirundo rustica gutturalis,"Hirundo rustica gutturalis Scopoli, 1786 ",0,LC,原生
432273,鳥綱,Hirundinidae,燕科,家燕(紅腹亞種),Hirundo rustica mandschurica,"Hirundo rustica mandschurica Meise, 1934 ",0,LC,原生
432274,鳥綱,Hirundinidae,燕科,家燕(蒙古亞種),Hirundo rustica tytleri,"Hirundo rustica tytleri Jerdon, 1864 ",0,NA,原生
420268,鳥綱,Hirundinidae,燕科,洋燕(蘭嶼亞種),Hirundo tahitica javanica,"Hirundo tahitica javanica Sparrman, 1789 ",0,LC,原生
380364,鳥綱,Hirundinidae,燕科,洋燕(臺灣亞種),Hirundo tahitica namiyei,"Hirundo tahitica namiyei Stejneger, 1887 ",0,LC,原生
428584,鳥綱,Scotocercidae,樹鶯科,深山鶯,Horornis acanthizoides concolor,"Horornis acanthizoides concolor Ogilvie-Grant, 1912 ",1,NT,原生
428580,鳥綱,Scotocercidae,樹鶯科,遠東樹鶯(東北亞種),Horornis canturians borealis,"Horornis canturians borealis Campbell, 1892 ",0,NA,原生
428581,鳥綱,Scotocercidae,樹鶯科,遠東樹鶯(華中亞種),Horornis canturians canturians,"Horornis canturians canturians Swinhoe, 1860 ",0,LC,原生
428577,鳥綱,Scotocercidae,樹鶯科,日本樹鶯(日本亞種),Horornis diphone cantans,"Horornis diphone cantans Temminck & Schlegel, 1847 ",0,LC,原生
428579,鳥綱,Scotocercidae,樹鶯科,日本樹鶯(庫頁島亞種),Horornis diphone viridis,"Horornis diphone viridis Yamashina, 1927 ",0,LC,原生
428583,鳥綱,Scotocercidae,樹鶯科,小鶯(華南亞種),Horornis fortipes davidianus,"Horornis fortipes davidianus Hodgson, 1845 ",0,NA,原生
428582,鳥綱,Scotocercidae,樹鶯科,小鶯(臺灣亞種),Horornis fortipes robustipes,"Horornis fortipes robustipes Swinhoe, 1866 ",1,LC,原生
444655,鳥綱,Hydrobatidae,海燕科,白腰叉尾海燕指名亞種,Hydrobates leucorhous leucorhous,"Hydrobates leucorhous leucorhous Vieillot, 1818 ",0,NA,原生
444657,鳥綱,Hydrobatidae,海燕科,日本叉尾海燕,Hydrobates matsudairae,"Hydrobates matsudairae Kuroda, 1922 ",0,NA,原生
437462,鳥綱,Hydrobatidae,海燕科,黑叉尾海燕,Hydrobates monorhis,"Hydrobates monorhis Swinhoe, 1867 ",0,NA,原生
444656,鳥綱,Hydrobatidae,海燕科,褐翅叉尾海燕,Hydrobates tristrami,"Hydrobates tristrami Salvin, 1896 ",0,NA,原生
419702,鳥綱,Laridae,鷗科,小鷗,Hydrocoloeus minutus,"Hydrocoloeus minutus Pallas, 1776 ",0,NA,原生
380163,鳥綱,Jacanidae,水雉科,水雉,Hydrophasianus chirurgus,"Hydrophasianus chirurgus Scopoli, 1786 ",0,VU,原生
427071,鳥綱,Laridae,鷗科,裏海燕鷗,Hydroprogne caspia,"Hydroprogne caspia Pallas, 1770 ",0,LC,原生
380328,鳥綱,Monarchidae,王鶲科,黑枕藍鶲(臺灣亞種),Hypothymis azurea oberholseri,"Hypothymis azurea oberholseri Stressmann, 1913 ",1,LC,原生
432270,鳥綱,Monarchidae,王鶲科,黑枕藍鶲(大陸亞種),Hypothymis azurea styani,"Hypothymis azurea styani Sharpe, 1879 ",0,NA,原生
425205,鳥綱,Pycnonotidae,鵯科,棕耳鵯(日本亞種),Hypsipetes amaurotis amaurotis,"Hypsipetes amaurotis amaurotis Temminck, 1830 ",0,NA,原生
425204,鳥綱,Pycnonotidae,鵯科,棕耳鵯(蘭嶼亞種),Hypsipetes amaurotis harterti,"Hypsipetes amaurotis harterti Kuroda, 1922 ",1,LC,原生
432275,鳥綱,Pycnonotidae,鵯科,紅嘴黑鵯(白頭亞種),Hypsipetes leucocephalus leucocephalus,"Hypsipetes leucocephalus leucocephalus Gmelin, 1789 ",0,NA,原生
380437,鳥綱,Pycnonotidae,鵯科,紅嘴黑鵯(臺灣亞種),Hypsipetes leucocephalus nigerrimus,"Hypsipetes leucocephalus nigerrimus Gould, 1863 ",1,LC,原生
428597,鳥綱,Leiothrichidae,噪眉科,棕噪眉,Ianthocincla poecilorhyncha,"Ianthocincla poecilorhyncha Gould, 1863 ",1,LC,原生
432370,鳥綱,Leiothrichidae,噪眉科,白頰噪眉,Ianthocincla sannio,"Ianthocincla sannio Swinhoe, 1867 ",0,NA,歸化
425207,鳥綱,Laridae,鷗科,漁鷗,Ichthyaetus ichthyaetus,"Ichthyaetus ichthyaetus Pallas, 1773 ",0,NA,原生
428568,鳥綱,Laridae,鷗科,遺鷗,Ichthyaetus relictus,"Ichthyaetus relictus Lonnberg, 1931 ",0,NA,原生
380113,鳥綱,Accipitridae,鷹科,林鵰,Ictinaetus malaiensis malaiensis,"Ictinaetus malaiensis malaiensis Temminck, 1822 ",0,NA,原生
419653,鳥綱,Acrocephalidae,葦鶯科,靴籬鶯,Iduna caligata,"Iduna caligata Lichtenstein, 1823 ",0,NA,原生
385005,鳥綱,Ardeidae,鷺科,栗小鷺,Ixobrychus cinnamomeus,"Ixobrychus cinnamomeus Gmelin, 1789 ",0,LC,原生
380134,鳥綱,Ardeidae,鷺科,秋小鷺,Ixobrychus eurhythmus,"Ixobrychus eurhythmus Swinhoe, 1873 ",0,NA,原生
380127,鳥綱,Ardeidae,鷺科,黃頸黑鷺,Ixobrychus flavicollis flavicollis,"Ixobrychus flavicollis flavicollis Latham, 1790 ",0,NA,原生
380135,鳥綱,Ardeidae,鷺科,黃小鷺,Ixobrychus sinensis,"Ixobrychus sinensis J. F. Gmelin, 1789 ",0,LC,原生
431230,鳥綱,Picidae,啄木鳥科,地啄木,Jynx torquilla chinensis,"Jynx torquilla chinensis Hesse, 1911 ",0,NA,原生
380500,鳥綱,Strigidae,鴟鴞科,黃魚鴞,Ketupa flavipes,"Ketupa flavipes Hodgson, 1836 ",0,EN,原生
427289,鳥綱,Campephagidae,山椒鳥科,黑翅山椒鳥,Lalage melaschistos intermedia,"Lalage melaschistos intermedia Hume, 1877 ",0,NA,原生
419644,鳥綱,Campephagidae,山椒鳥科,黑原鵑鵙,Lalage nigra,"Lalage nigra Forster, 1781 ",0,NA,原生
417816,鳥綱,Sturnidae,椋鳥科,栗頭麗椋鳥,Lamprotornis superbus,"Lamprotornis superbus Ruppell, 1845 ",0,NA,歸化
380367,鳥綱,Laniidae,伯勞科,紅頭伯勞,Lanius bucephalus bucephalus,"Lanius bucephalus bucephalus Temminck & Schlegel, 1845 ",0,NA,原生
419647,鳥綱,Laniidae,伯勞科,紅背伯勞,Lanius collurio,"Lanius collurio Linnaeus, 1758 ",0,NA,原生
432266,鳥綱,Laniidae,伯勞科,栗背伯勞,Lanius collurioides collurioides,"Lanius collurioides collurioides Lesson, 1834 ",0,NA,原生
432268,鳥綱,Laniidae,伯勞科,紅尾伯勞(東北亞種),Lanius cristatus confusus,"Lanius cristatus confusus Stegmann, 1929 ",0,LC,原生
380368,鳥綱,Laniidae,伯勞科,紅尾伯勞(指名亞種),Lanius cristatus cristatus,"Lanius cristatus cristatus Linnaeus, 1758 ",0,LC,原生
420273,鳥綱,Laniidae,伯勞科,紅尾伯勞(普通亞種),Lanius cristatus lucionensis,"Lanius cristatus lucionensis Linnaeus, 1766 ",0,LC,原生
432269,鳥綱,Laniidae,伯勞科,紅尾伯勞(日本亞種),Lanius cristatus superciliosus,"Lanius cristatus superciliosus Latham, 1801 ",0,LC,原生
444644,鳥綱,Laniidae,伯勞科,西方灰伯勞,Lanius excubitor pallidirostris,"Lanius excubitor pallidirostris Cassin, 1851 ",0,NA,原生
435210,鳥綱,Laniidae,伯勞科,荒漠伯勞,Lanius isabellinus isabellinus,"Lanius isabellinus isabellinus Hemprich & Ehrenberg, 1833 ",0,NA,原生
432267,鳥綱,Laniidae,伯勞科,棕背伯勞,Lanius schach schach,"Lanius schach schach Linnaeus, 1758 ",0,VU,原生
421053,鳥綱,Laniidae,伯勞科,楔尾伯勞,Lanius sphenocercus,"Lanius sphenocercus Cabanis, 1873 ",0,NA,原生
435211,鳥綱,Laniidae,伯勞科,灰背伯勞,Lanius tephronotus tephronotus,"Lanius tephronotus tephronotus Vigors, 1831 ",0,NA,原生
380371,鳥綱,Laniidae,伯勞科,虎紋伯勞,Lanius tigrinus,"Lanius tigrinus Drapiez, 1828 ",0,NA,原生
432182,鳥綱,Laridae,鷗科,蒙古銀鷗,Larus argentatus mongolicus,"Larus argentatus mongolicus Pallas, 1811 ",0,NA,原生
380169,鳥綱,Laridae,鷗科,織女銀鷗,Larus argentatus vegae,"Larus argentatus vegae Palmén, 1887 ",0,NA,原生
432239,鳥綱,Laridae,鷗科,海鷗(西伯利亞亞種),Larus canus heinei,"Larus canus heinei von Homeyer, 1853 ",0,NA,原生
380170,鳥綱,Laridae,鷗科,海鷗(堪察加亞種),Larus canus kamtschatschensis,"Larus canus kamtschatschensis Bonaparte, 1857 ",0,NA,原生
380171,鳥綱,Laridae,鷗科,黑尾鷗,Larus crassirostris,"Larus crassirostris Vieillot, 1818 ",0,LC,原生
404595,鳥綱,Laridae,鷗科,小黑背鷗,Larus fuscus heuglini,"Larus fuscus heuglini Bree, 1876 ",0,NA,原生
380172,鳥綱,Laridae,鷗科,北極鷗,Larus hyperboreus hyperboreus,"Larus hyperboreus hyperboreus Gunnerus, 1767 ",0,NA,原生
380175,鳥綱,Laridae,鷗科,灰背鷗,Larus schistisagus,"Larus schistisagus Stejneger, 1884 ",0,NA,原生
425201,鳥綱,Muscicapidae,鶲科,日本歌鴝,Larvivora akahige akahige,"Larvivora akahige akahige Temminck, 1835 ",0,NA,原生
425211,鳥綱,Muscicapidae,鶲科,藍歌鴝(東南亞種),Larvivora cyane bochaiensis,"Larvivora cyane bochaiensis Shulpin, 1928 ",0,NA,原生
425212,鳥綱,Muscicapidae,鶲科,藍歌鴝(指名亞種),Larvivora cyane cyane,"Larvivora cyane cyane Pallas, 1776 ",0,NA,原生
425202,鳥綱,Muscicapidae,鶲科,琉球歌鴝,Larvivora komadori komadori,"Larvivora komadori komadori Temminck, 1835 ",0,NA,原生
425213,鳥綱,Muscicapidae,鶲科,紅尾歌鴝,Larvivora sibilans,"Larvivora sibilans Swinhoe, 1863 ",0,NA,原生
432360,鳥綱,Leiothrichidae,噪眉科,銀耳相思鳥,Leiothrix argentauris,"Leiothrix argentauris Hodgson, 1837 ",0,NA,歸化
417886,鳥綱,Leiothrichidae,噪眉科,紅嘴相思鳥,Leiothrix lutea,"Leiothrix lutea Scopoli, 1786 ",0,NA,歸化
432194,鳥綱,Gruidae,鶴科,白鶴,Leucogeranus leucogeranus,"Leucogeranus leucogeranus Pallas, 1773 ",0,NA,原生
432241,鳥綱,Laridae,鷗科,笑鷗,Leucophaeus atricilla megalopterus,"Leucophaeus atricilla megalopterus Bruch, 1855 ",0,NA,原生
419705,鳥綱,Laridae,鷗科,弗氏鷗,Leucophaeus pipixcan,"Leucophaeus pipixcan Wagler, 1831 ",0,NA,原生
435222,鳥綱,Rallidae,秧雞科,灰胸秧雞(華南亞種),Lewinia striata jouyi,"Lewinia striata jouyi Stejneger, 1887 ",0,NA,原生
435223,鳥綱,Rallidae,秧雞科,灰胸秧雞(臺灣特有亞種),Lewinia striata taiwana,"Lewinia striata taiwana Yamashina, 1932 ",1,NT,原生
380229,鳥綱,Scolopacidae,鷸科,長嘴半蹼鷸,Limnodromus scolopaceus,"Limnodromus scolopaceus Say, 1822 ",0,NA,原生
380230,鳥綱,Scolopacidae,鷸科,半蹼鷸,Limnodromus semipalmatus,"Limnodromus semipalmatus Blyth, 1848 ",0,NA,原生
380231,鳥綱,Scolopacidae,鷸科,斑尾鷸(東部亞種),Limosa lapponica baueri,"Limosa lapponica baueri Naumann, JF, 1836 ",0,VU,原生
432229,鳥綱,Scolopacidae,鷸科,斑尾鷸(中部亞種),Limosa lapponica menzbieri,"Limosa lapponica menzbieri Portenko, 1936 ",0,NA,原生
380232,鳥綱,Scolopacidae,鷸科,黑尾鷸,Limosa limosa melanuroides,"Limosa limosa melanuroides Gould, 1846 ",0,VU,原生
435217,鳥綱,Fringillidae,雀科,赤胸朱頂雀,Linaria cannabina,"Linaria cannabina Linnaeus, 1758 ",0,NA,原生
380468,鳥綱,Leiothrichidae,噪眉科,黃胸藪眉,Liocichla steerii,"Liocichla steerii Swinhoe, 1877 ",1,LC,原生
428588,鳥綱,Locustellidae,蝗鶯科,臺灣叢樹鶯,Locustella alishanensis,"Locustella alishanensis Rasmussen, Round, Dickinson & Rozendaal, 2000 ",1,NT,原生
420262,鳥綱,Locustellidae,蝗鶯科,矛斑蝗鶯(日本亞種),Locustella lanceolata hendersonii,"Locustella lanceolata hendersonii Cassin, 1858 ",0,NA,原生
380471,鳥綱,Locustellidae,蝗鶯科,矛斑蝗鶯(大陸亞種),Locustella lanceolata lanceolata,"Locustella lanceolata lanceolata Temminck, 1840 ",0,NA,原生
435213,鳥綱,Locustellidae,蝗鶯科,赤褐蝗鶯,Locustella mandelli,"Locustella mandelli W.E. Brooks, 1875 ",0,NA,原生
432303,鳥綱,Estrildidae,梅花雀科,黑頭文鳥(中南亞種),Lonchura atricapilla deignani,"Lonchura atricapilla deignani Parkes, 1958 ",0,NA,歸化
420206,鳥綱,Estrildidae,梅花雀科,黑頭文鳥(臺灣原生亞種),Lonchura atricapilla formosana,"Lonchura atricapilla formosana Swinhoe, 1865 ",0,VU,原生
432302,鳥綱,Estrildidae,梅花雀科,黑頭文鳥(菲律賓亞種),Lonchura atricapilla jagori,"Lonchura atricapilla jagori von Martens, CE, 1866 ",0,NA,歸化
425209,鳥綱,Estrildidae,梅花雀科,栗腹文鳥(馬來亞種),Lonchura atricapilla sinensis,"Lonchura atricapilla sinensis Blyth, 1852 ",0,NA,歸化
419422,鳥綱,Estrildidae,梅花雀科,白頭文鳥,Lonchura maja,"Lonchura maja Linnaeus, 1766 ",0,NA,歸化
431228,鳥綱,Estrildidae,梅花雀科,爪哇雀,Lonchura oryzivora,"Lonchura oryzivora Linnaeus, 1758 ",0,NA,歸化
380426,鳥綱,Estrildidae,梅花雀科,斑文鳥,Lonchura punctulata topela,"Lonchura punctulata topela Swinhoe, 1863 ",0,NA,原生
380427,鳥綱,Estrildidae,梅花雀科,白腰文鳥,Lonchura striata swinhoei,"Lonchura striata swinhoei Cabanis, 1882 ",0,NA,原生
432357,鳥綱,Phasianidae,雉科,白鷴,Lophura nycthemera,"Lophura nycthemera Linnaeus, 1758 ",0,NA,歸化
380289,鳥綱,Phasianidae,雉科,藍腹鷴,Lophura swinhoii,"Lophura swinhoii Gould, 1863 ",1,LC,原生
435218,鳥綱,Fringillidae,雀科,紅交嘴雀,Loxia curvirostra japonica,"Loxia curvirostra japonica Ridgway, 1884 ",NA,NA,原生
380385,鳥綱,Muscicapidae,鶲科,藍喉歌鴝,Luscinia svecica svecica,"Luscinia svecica svecica Linnaeus, 1758 ",0,NA,原生
380233,鳥綱,Scolopacidae,鷸科,小鷸,Lymnocryptes minimus,"Lymnocryptes minimus Brünnich, 1764 ",0,NA,原生
432368,鳥綱,Paridae,山雀科,黃山雀,Machlolophus holsti,"Machlolophus holsti Seebohm, 1894 ",1,NT,原生
432244,鳥綱,Columbidae,鳩鴿科,長尾鳩,Macropygia tenuirostris septentrionalis,"Macropygia tenuirostris septentrionalis Hachisuka, 1930 ",0,NA,原生
432245,鳥綱,Columbidae,鳩鴿科,斑尾鵑鳩,Macropygia unchall minor,"Macropygia unchall minor Swinhoe, 1870 ",0,NA,原生
,鳥綱,Anatidae,雁鴨科,葡萄胸鴨,Mareca americana,"Mareca americana Gmelin, 1789 ",0,NA,原生
432306,鳥綱,Anatidae,雁鴨科,羅文鴨,Mareca falcata,"Mareca falcata Georgi, 1775 ",NA,VU,原生
419892,鳥綱,Anatidae,雁鴨科,赤頸鴨,Mareca penelope,"Mareca penelope Linnaeus, 1758 ",0,LC,原生
438263,鳥綱,Anatidae,雁鴨科,赤膀鴨,Mareca strepera,"Mareca strepera Linnaeus, 1758 ",0,NA,原生
432280,鳥綱,Alaudidae,百靈科,蒙古百靈,Melanocorypha mongolica,"Melanocorypha mongolica Pallas, 1776 ",0,NA,原生
443095,鳥綱,Psittaculidae,老套鸚鵡科,虎皮鸚鵡,Melopsittacus undulatus,"Melopsittacus undulatus Shaw, 1805 ",0,NA,歸化
380085,鳥綱,Anatidae,雁鴨科,白秋沙,Mergellus albellus,"Mergellus albellus Linnaeus, 1758 ",0,NA,原生
380086,鳥綱,Anatidae,雁鴨科,川秋沙,Mergus merganser merganser,"Mergus merganser merganser Linnaeus, 1758 ",0,NA,原生
380087,鳥綱,Anatidae,雁鴨科,紅胸秋沙,Mergus serrator,"Mergus serrator Linnaeus, 1758 ",0,NA,原生
380088,鳥綱,Anatidae,雁鴨科,唐秋沙,Mergus squamatus,"Mergus squamatus Gould, 1864 ",0,NA,原生
404608,鳥綱,Meropidae,蜂虎科,彩虹蜂虎,Merops ornatus,"Merops ornatus Latham, 1802 ",0,NA,原生
435209,鳥綱,Meropidae,蜂虎科,藍頰蜂虎,Merops persicus persicus,"Merops persicus persicus Pallas, 1773 ",0,NA,原生
419642,鳥綱,Meropidae,蜂虎科,栗喉蜂虎,Merops philippinus,"Merops philippinus Linnaeus, 1766 ",0,LC,原生
432256,鳥綱,Meropidae,蜂虎科,藍喉蜂虎,Merops viridis,"Merops viridis Linnaeus, 1758 ",0,NA,原生
404610,鳥綱,Accipitridae,鷹科,黑鳶(臺灣亞種),Milvus migrans formosanus,"Milvus migrans formosanus Kuroda Sr, 1920 ",0,VU,原生
432225,鳥綱,Accipitridae,鷹科,黑鳶(大陸亞種),Milvus migrans lineatus,"Milvus migrans lineatus Gray, JE, 1831 ",0,VU,原生
404611,鳥綱,Muscicapidae,鶲科,白喉磯鶇,Monticola gularis,"Monticola gularis Swinhoe, 1863 ",0,NA,原生
420254,鳥綱,Muscicapidae,鶲科,藍磯鶇(藍腹亞種),Monticola solitarius pandoo,"Monticola solitarius pandoo Sykes, 1832 ",0,LC,原生
380386,鳥綱,Muscicapidae,鶲科,藍磯鶇(棕腹亞種),Monticola solitarius philippensis,"Monticola solitarius philippensis Muller, 1776 ",0,LC,原生
New,鳥綱,Motacillidae,鶺鴒科,白鶺鴒,Motacilla alba,"Motacilla alba Linnaeus, 1758",0,NA,原生
430651,鳥綱,Motacillidae,鶺鴒科,白鶺鴒(白面灰背亞種),Motacilla alba baicalensis,"Motacilla alba baicalensis Swinhoe, 1871 ",0,NA,原生
432296,鳥綱,Motacillidae,鶺鴒科,白鶺鴒(西部亞種),Motacilla alba dukhuensis,"Motacilla alba dukhuensis Sykes, 1832 ",0,NA,原生
420249,鳥綱,Motacillidae,鶺鴒科,白鶺鴒(白面黑背亞種),Motacilla alba leucopsis,"Motacilla alba leucopsis Gould, 1838 ",0,LC,原生
420212,鳥綱,Motacillidae,鶺鴒科,白鶺鴒(黑背眼紋亞種),Motacilla alba lugens,"Motacilla alba lugens Gloger, 1829 ",0,LC,原生
420250,鳥綱,Motacillidae,鶺鴒科,白鶺鴒(灰背眼紋亞種),Motacilla alba ocularis,"Motacilla alba ocularis Swinhoe, 1860 ",0,LC,原生
435241,鳥綱,Motacillidae,鶺鴒科,白鶺鴒(黑臉亞種),Motacilla alba personata,"Motacilla alba personata Gould, 1861 ",0,NA,原生
425374,鳥綱,Motacillidae,鶺鴒科,灰鶺鴒,Motacilla cinerea cinerea,"Motacilla cinerea cinerea TunStall, 1771 ",0,NA,原生
380430,鳥綱,Motacillidae,鶺鴒科,黃頭鶺鴒,Motacilla citreola citreola,"Motacilla citreola citreola Pallas, 1776 ",0,NA,原生
432297,鳥綱,Motacillidae,鶺鴒科,西方黃鶺鴒(黃頭亞種),Motacilla flava lutea,"Motacilla flava lutea Gmelin, SG, 1774 ",0,NA,原生
430654,鳥綱,Motacillidae,鶺鴒科,西方黃鶺鴒(灰頭亞種),Motacilla flava thunbergi,"Motacilla flava thunbergi Billberg, 1828 ",0,NA,原生
380432,鳥綱,Motacillidae,鶺鴒科,日本鶺鴒,Motacilla grandis,"Motacilla grandis Sharpe, 1885 ",0,NA,原生
430652,鳥綱,Motacillidae,鶺鴒科,東方黃鶺鴒(藍頭亞種),Motacilla tschutschensis macronyx,"Motacilla tschutschensis macronyx Stresemann, 1920 ",0,LC,原生
430653,鳥綱,Motacillidae,鶺鴒科,東方黃鶺鴒(黃眉亞種),Motacilla tschutschensis taivana,"Motacilla tschutschensis taivana Swinhoe, 1861 ",0,LC,原生
425214,鳥綱,Motacillidae,鶺鴒科,東方黃鶺鴒(白眉亞種),Motacilla tschutschensis tschutschensis,"Motacilla tschutschensis tschutschensis Gmelin, 1789 ",0,LC,原生
380387,鳥綱,Muscicapidae,鶲科,寬嘴鶲,Muscicapa dauurica dauurica,"Muscicapa dauurica dauurica Pallas, 1811 ",0,NA,原生
380388,鳥綱,Muscicapidae,鶲科,紅尾鶲,Muscicapa ferruginea,"Muscicapa ferruginea Hodgson, 1845 ",0,LC,原生
380389,鳥綱,Muscicapidae,鶲科,灰斑鶲,Muscicapa griseisticta,"Muscicapa griseisticta Swinhoe, 1861 ",0,LC,原生
419658,鳥綱,Muscicapidae,鶲科,褐胸鶲,Muscicapa muttui,"Muscicapa muttui Layard, 1854 ",0,NA,原生
380390,鳥綱,Muscicapidae,鶲科,鮮卑鶲,Muscicapa sibirica sibirica,"Muscicapa sibirica sibirica J. F. Gmelin, 1789 ",0,NA,原生
419657,鳥綱,Muscicapidae,鶲科,斑鶲,Muscicapa striata,"Muscicapa striata Pallas, 1764 ",0,NA,原生
435234,鳥綱,Muscicapidae,鶲科,白尾鴝,Myiomela leucura montium,"Myiomela leucura montium Swinhoe, 1864 ",1,LC,原生
419668,鳥綱,Muscicapidae,鶲科,白斑紫嘯鶇,Myophonus caeruleus,"Myophonus caeruleus Scopoli, 1786 ",0,LC,原生
404613,鳥綱,Muscicapidae,鶲科,臺灣紫嘯鶇,Myophonus insularis,"Myophonus insularis Gould, 1863 ",1,LC,原生
404614,鳥綱,Anatidae,雁鴨科,赤嘴潛鴨,Netta rufina,"Netta rufina Pallas, 1773 ",0,NA,原生
380089,鳥綱,Anatidae,雁鴨科,棉鴨,Nettapus coromandelianus coromandelianus,"Nettapus coromandelianus coromandelianus Gmelin, 1789 ",0,NA,原生
425261,鳥綱,Muscicapidae,鶲科,棕腹大仙鶲,Niltava davidi,"Niltava davidi La Touche, 1907 ",0,NA,原生
420198,鳥綱,Muscicapidae,鶲科,棕腹仙鶲,Niltava sundara denotata,"Niltava sundara denotata Hodgson, 1837 ",0,NA,原生
425216,鳥綱,Muscicapidae,鶲科,黃腹琉璃,Niltava vivida vivida,"Niltava vivida vivida Swinhoe, 1864 ",1,LC,原生
425218,鳥綱,Strigidae,鴟鴞科,褐鷹鴞(過境亞種),Ninox japonica japonica,"Ninox japonica japonica Temminck & Schlegel, 1845 ",0,LC,原生
425217,鳥綱,Strigidae,鴟鴞科,褐鷹鴞(留鳥亞種),Ninox japonica totogo,"Ninox japonica totogo Momiyama, 1930 ",0,LC,原生
380257,鳥綱,Threskiornithidae,䴉科,朱鷺,Nipponia nippon,"Nipponia nippon Temminck, 1835 ",0,NA,原生
425229,鳥綱,Accipitridae,鷹科,熊鷹,Nisaetus nipalensis nipalensis,"Nisaetus nipalensis nipalensis Hodgson, 1836 ",0,NA,原生
380329,鳥綱,Corvidae,鴉科,星鴉,Nucifraga caryocatactes owstoni,"Nucifraga caryocatactes owstoni Ingram, 1910 ",1,LC,原生
380235,鳥綱,Scolopacidae,鷸科,大杓鷸,Numenius arquata orientalis,"Numenius arquata orientalis Brehm, CL, 1831 ",0,VU,原生
380236,鳥綱,Scolopacidae,鷸科,黦鷸,Numenius madagascariensis,"Numenius madagascariensis Linnaeus, 1766 ",0,EN,原生
380237,鳥綱,Scolopacidae,鷸科,小杓鷸,Numenius minutus,"Numenius minutus Gould, 1841 ",0,NT,原生
444647,鳥綱,Scolopacidae,鷸科,中杓鷸北美亞種,Numenius phaeopus hudsonicus,"Numenius phaeopus hudsonicus Latham, 1790 ",0,NA,原生
380238,鳥綱,Scolopacidae,鷸科,中杓鷸,Numenius phaeopus variegatus,"Numenius phaeopus variegatus Scopoli, 1786 ",0,NA,原生
404615,鳥綱,Ardeidae,鷺科,棕夜鷺,Nycticorax caledonicus manillensis,"Nycticorax caledonicus manillensis Vigors, 1831 ",0,NA,原生
380137,鳥綱,Ardeidae,鷺科,夜鷺,Nycticorax nycticorax nycticorax,"Nycticorax nycticorax nycticorax Linnaeus, 1758 ",0,NA,原生
417695,鳥綱,Psittacidae,鸚鵡科,玄鳳鸚鵡,Nymphicus hollandicus,"Nymphicus hollandicus Kerr, 1792 ",0,NA,歸化
432291,鳥綱,Muscicapidae,鶲科,漠即鳥(蒙新亞種),Oenanthe deserti atrogularis,"Oenanthe deserti atrogularis Temminck, 1825 ",0,NA,原生
420255,鳥綱,Muscicapidae,鶲科,漠即鳥(青藏亞種),Oenanthe deserti oreophila,"Oenanthe deserti oreophila Oberholser, 1901 ",0,NA,原生
404620,鳥綱,Muscicapidae,鶲科,沙即鳥,Oenanthe isabellina,"Oenanthe isabellina Temminck, 1829 ",0,NA,原生
404621,鳥綱,Muscicapidae,鶲科,穗即鳥,Oenanthe oenanthe oenanthe,"Oenanthe oenanthe oenanthe Linnaeus, 1758 ",0,NA,原生
419689,鳥綱,Muscicapidae,鶲科,白頂即鳥,Oenanthe pleschanka,"Oenanthe pleschanka Lepechin, 1770 ",0,NA,原生
419709,鳥綱,Laridae,鷗科,白腰燕鷗,Onychoprion aleuticus,"Onychoprion aleuticus Baird, 1869 ",0,NA,原生
425232,鳥綱,Laridae,鷗科,白眉燕鷗,Onychoprion anaethetus anaethetus,"Onychoprion anaethetus anaethetus Scopoli, 1786 ",0,NA,原生
432242,鳥綱,Laridae,鷗科,烏領燕鷗,Onychoprion fuscatus nubilosus,"Onychoprion fuscatus nubilosus Sparrman, 1788 ",0,NA,原生
380330,鳥綱,Oriolidae,黃鸝科,黃鸝,Oriolus chinensis diffusus,"Oriolus chinensis diffusus Sharpe, 1877 ",0,VU,原生
425219,鳥綱,Oriolidae,黃鸝科,黃鸝(外來亞種),Oriolus chinensis maculatus,"Oriolus chinensis maculatus Vieillot, 1817 ",0,NA,歸化
380331,鳥綱,Oriolidae,黃鸝科,朱鸝,Oriolus traillii ardens,"Oriolus traillii ardens Swinhoe, 1862 ",1,LC,原生
435233,鳥綱,Turdidae,鶇科,寶興歌鶇,Otocichla mupinensis,"Otocichla mupinensis Laubmann, 1920 ",0,NA,原生
380503,鳥綱,Strigidae,鴟鴞科,蘭嶼角鴞,Otus elegans botelensis,"Otus elegans botelensis Kuroda Sr, 1928 ",1,NT,原生
432252,鳥綱,Strigidae,鴟鴞科,領角鴞(華南亞種),Otus lettia erythrocampe,"Otus lettia erythrocampe Buturlin, 1910 ",0,NA,原生
419715,鳥綱,Strigidae,鴟鴞科,領角鴞(臺灣亞種),Otus lettia glabripes,"Otus lettia glabripes Swinhoe, 1870 ",1,LC,原生
380505,鳥綱,Strigidae,鴟鴞科,黃嘴角鴞,Otus spilocephalus hambroecki,"Otus spilocephalus hambroecki Swinhoe, 1870 ",1,LC,原生
404622,鳥綱,Strigidae,鴟鴞科,東方角鴞(日本亞種),Otus sunia japonicus,"Otus sunia japonicus Temminck & Schlegel, 1844 ",0,NA,原生
420276,鳥綱,Strigidae,鴟鴞科,東方角鴞(東北亞種),Otus sunia stictonotus,"Otus sunia stictonotus Sharpe, 1875 ",0,LC,原生
380115,鳥綱,Pandionidae,鶚科,魚鷹,Pandion haliaetus haliaetus,"Pandion haliaetus haliaetus Linnaeus, 1758 ",0,NA,原生
417867,鳥綱,Thraupidae,唐納雀科,紅冠臘嘴鵐,Paroaria coronata,"Paroaria coronata J. F. Miller, 1776 ",0,NA,歸化
430648,鳥綱,Paridae,山雀科,白頰山雀,Parus minor commixtus,"Parus minor commixtus Swinhoe, 1868 ",0,NA,原生
380416,鳥綱,Paridae,山雀科,青背山雀,Parus monticolus insperatus,"Parus monticolus insperatus Swinhoe, 1866 ",1,NT,原生
435236,鳥綱,Passeridae,麻雀科,山麻雀,Passer cinnamomeus rutilans,"Passer cinnamomeus rutilans Temminck, 1836 ",0,EN,原生
425262,鳥綱,Passeridae,麻雀科,家麻雀,Passer domesticus domesticus,"Passer domesticus domesticus Linnaeus, 1758 ",0,NA,原生
404623,鳥綱,Passeridae,麻雀科,麻雀,Passer montanus saturatus,"Passer montanus saturatus Stejneger, 1885 ",0,NA,原生
435219,鳥綱,Emberizidae,鵐科,稀樹草鵐,Passerculus sandwichensis,"Passerculus sandwichensis Gmelin, 1789 ",0,NA,原生
419842,鳥綱,Sturnidae,椋鳥科,粉紅椋鳥,Pastor roseus,"Pastor roseus Linnaeus, 1758 ",0,NA,原生
419425,鳥綱,Phasianidae,雉科,藍孔雀,Pavo cristatus,"Pavo cristatus Linnaeus, 1758 ",0,NA,歸化
404624,鳥綱,Pelecanidae,鵜鶘科,卷羽鵜鶘,Pelecanus crispus,"Pelecanus crispus Bruch, 1832 ",0,NA,原生
419645,鳥綱,Campephagidae,山椒鳥科,小灰山椒鳥,Pericrocotus cantonensis,"Pericrocotus cantonensis Swinhoe, 1861 ",0,NA,原生
420939,鳥綱,Campephagidae,山椒鳥科,灰山椒鳥,Pericrocotus divaricatus,"Pericrocotus divaricatus Raffles, 1822 ",0,LC,原生
404627,鳥綱,Campephagidae,山椒鳥科,長尾山椒,Pericrocotus ethologus ethologus,"Pericrocotus ethologus ethologus Bangs & Phillips, 1914 ",0,NA,原生
432178,鳥綱,Campephagidae,山椒鳥科,粉紅山椒鳥,Pericrocotus roseus,"Pericrocotus roseus Vieillot, 1818 ",0,NA,原生
380333,鳥綱,Campephagidae,山椒鳥科,灰喉山椒,Pericrocotus solaris griseogularis,"Pericrocotus solaris griseogularis Gould, 1863 ",0,NA,原生
432278,鳥綱,Campephagidae,山椒鳥科,赤紅山椒鳥,Pericrocotus speciosus,"Pericrocotus speciosus Latham, 1790 ",0,NA,原生
419646,鳥綱,Campephagidae,山椒鳥科,琉球山椒鳥,Pericrocotus tegimae,"Pericrocotus tegimae Stejneger, 1887 ",0,NA,原生
419676,鳥綱,Paridae,山雀科,煤山雀,Periparus ater ptilosus,"Periparus ater ptilosus Ogilvie-Grant, 1912 ",1,LC,原生
430635,鳥綱,Paridae,山雀科,黃腹山雀,Periparus venustulus,"Periparus venustulus Swinhoe, 1870 ",0,NA,原生
404628,鳥綱,Accipitridae,鷹科,東方蜂鷹,Pernis ptilorhynchus orientalis,"Pernis ptilorhynchus orientalis Temminck, 1821 ",0,NT,原生
432215,鳥綱,Phaethontidae,熱帶鳥科,紅嘴熱帶鳥,Phaethon aethereus mesonauta,"Phaethon aethereus mesonauta Peters, JL, 1930 ",0,NA,原生
380190,鳥綱,Phaethontidae,熱帶鳥科,白尾熱帶鳥,Phaethon lepturus dorotheae,"Phaethon lepturus dorotheae Mathews, 1913 ",0,NA,原生
380191,鳥綱,Phaethontidae,熱帶鳥科,紅尾熱帶鳥,Phaethon rubricauda melanorhynchos,"Phaethon rubricauda melanorhynchos Gmelin, JF, 1789 ",0,NA,原生
380192,鳥綱,Phalacrocoracidae,鸕鷀科,丹氏鸕鷀,Phalacrocorax capillatus,"Phalacrocorax capillatus Temminck & Schlegel, 1849 ",0,NA,原生
380193,鳥綱,Phalacrocoracidae,鸕鷀科,鸕鷀,Phalacrocorax carbo sinensis,"Phalacrocorax carbo sinensis Staunton, 1796 ",0,NA,原生
404629,鳥綱,Scolopacidae,鷸科,灰瓣足鷸,Phalaropus fulicarius,"Phalaropus fulicarius Linnaeus, 1758 ",0,NA,原生
380240,鳥綱,Scolopacidae,鷸科,紅領瓣足鷸,Phalaropus lobatus,"Phalaropus lobatus Linnaeus, 1758 ",0,LC,原生
380290,鳥綱,Phasianidae,雉科,環頸雉(臺灣特有亞種),Phasianus colchicus formosanus,"Phasianus colchicus formosanus Elliot, 1870 ",1,CR,原生
419430,鳥綱,Phasianidae,雉科,環頸雉(外來引進亞種),Phasianus colchicus karpowi,"Phasianus colchicus karpowi Buturlin, 1904 ",0,NA,歸化
404630,鳥綱,Diomedeidae,信天翁科,短尾信天翁,Phoebastria albatrus,"Phoebastria albatrus Pallas, 1769 ",0,NA,原生
404631,鳥綱,Diomedeidae,信天翁科,黑背信天翁,Phoebastria immutabilis,"Phoebastria immutabilis Rothschild, 1893 ",0,NA,原生
404632,鳥綱,Diomedeidae,信天翁科,黑腳信天翁,Phoebastria nigripes,"Phoebastria nigripes Audubon, 1839 ",0,NA,原生
380393,鳥綱,Muscicapidae,鶲科,黃尾鴝,Phoenicurus auroreus auroreus,"Phoenicurus auroreus auroreus Pallas, 1776 ",0,NA,原生
428599,鳥綱,Muscicapidae,鶲科,藍額紅尾鴝,Phoenicurus frontalis,"Phoenicurus frontalis Vigors, 1832 ",0,NA,原生
425227,鳥綱,Muscicapidae,鶲科,鉛色水鶇(臺灣亞種),Phoenicurus fuliginosus affinis,"Phoenicurus fuliginosus affinis Ogilvie-Grant, 1906 ",1,LC,原生
432292,鳥綱,Muscicapidae,鶲科,鉛色水鶇(大陸亞種),Phoenicurus fuliginosus fuliginosus,"Phoenicurus fuliginosus fuliginosus Vigors, 1831 ",0,NA,原生
425194,鳥綱,Muscicapidae,鶲科,白頂溪鴝,Phoenicurus leucocephalus,"Phoenicurus leucocephalus Vigors, 1831 ",0,NA,原生
380394,鳥綱,Muscicapidae,鶲科,赭紅尾鴝,Phoenicurus ochruros rufiventris,"Phoenicurus ochruros rufiventris Vieillot, 1818 ",0,NA,原生
427291,鳥綱,Phylloscopidae,柳鶯科,黃腹柳鶯,Phylloscopus affinis affinis,"Phylloscopus affinis affinis Tickell, 1833 ",0,NA,原生
427292,鳥綱,Phylloscopidae,柳鶯科,棕眉柳鶯,Phylloscopus armandii armandii,"Phylloscopus armandii armandii Milne-Edwards, 1865 ",0,NA,原生
380475,鳥綱,Phylloscopidae,柳鶯科,極北柳鶯(指名亞種),Phylloscopus borealis borealis,"Phylloscopus borealis borealis Blasius, 1858 ",0,NA,原生
404633,鳥綱,Phylloscopidae,柳鶯科,庫頁島柳鶯,Phylloscopus borealoides,"Phylloscopus borealoides Portenko, 1950 ",0,NA,原生
435230,鳥綱,Phylloscopidae,柳鶯科,栗頭鶲鶯,Phylloscopus castaniceps sinensis,"Phylloscopus castaniceps sinensis Rickett, 1898 ",0,NA,原生
425221,鳥綱,Phylloscopidae,柳鶯科,克氏冠紋柳鶯,Phylloscopus claudiae,"Phylloscopus claudiae La Touche, 1922 ",0,NA,原生
425258,鳥綱,Phylloscopidae,柳鶯科,嘰喳柳鶯,Phylloscopus collybita tristis,Phylloscopus collybita tristis  ,0,NA,原生
380476,鳥綱,Phylloscopidae,柳鶯科,冠羽柳鶯,Phylloscopus coronatus,"Phylloscopus coronatus Temminck & Schlegel, 1847 ",0,NA,原生
420145,鳥綱,Phylloscopidae,柳鶯科,勘察加柳鶯,Phylloscopus examinandus,"Phylloscopus examinandus Stresemann, 1913 ",0,NA,原生
380477,鳥綱,Phylloscopidae,柳鶯科,褐色柳鶯,Phylloscopus fuscatus fuscatus,"Phylloscopus fuscatus fuscatus Blyth, 1842 ",0,NA,原生
425222,鳥綱,Phylloscopidae,柳鶯科,哈氏冠紋柳鶯,Phylloscopus goodsoni fokiensis,"Phylloscopus goodsoni fokiensis Hartert, 1917 ",0,NA,原生
428585,鳥綱,Phylloscopidae,柳鶯科,淡眉柳鶯,Phylloscopus humei,"Phylloscopus humei Brooks, 1878 ",0,NA,原生
404634,鳥綱,Phylloscopidae,柳鶯科,飯島柳鶯,Phylloscopus ijimae,"Phylloscopus ijimae Stejneger, 1892 ",0,VU,原生
380478,鳥綱,Phylloscopidae,柳鶯科,黃眉柳鶯,Phylloscopus inornatus,"Phylloscopus inornatus Blyth, 1842 ",0,LC,原生
435229,鳥綱,Phylloscopidae,柳鶯科,白眶鶲鶯,Phylloscopus intermedius intermedius,"Phylloscopus intermedius intermedius Hodgson, 1854 ",0,NA,原生
430643,鳥綱,Phylloscopidae,柳鶯科,雙斑綠柳鶯,Phylloscopus plumbeitarsus,"Phylloscopus plumbeitarsus Swinhoe, 1861 ",0,NA,原生
380479,鳥綱,Phylloscopidae,柳鶯科,黃腰柳鶯,Phylloscopus proregulus,"Phylloscopus proregulus Pallas, 1811 ",0,NA,原生
419652,鳥綱,Phylloscopidae,柳鶯科,黑眉柳鶯,Phylloscopus ricketti,"Phylloscopus ricketti Slater, 1897 ",0,NA,原生
404636,鳥綱,Phylloscopidae,柳鶯科,巨嘴柳鶯,Phylloscopus schwarzi,"Phylloscopus schwarzi Radde, 1863 ",0,NA,原生
425259,鳥綱,Phylloscopidae,柳鶯科,林柳鶯,Phylloscopus sibilatrix,"Phylloscopus sibilatrix Bechstein, 1793 ",0,NA,原生
435231,鳥綱,Phylloscopidae,柳鶯科,淡尾鶲鶯,Phylloscopus soror,"Phylloscopus soror Alström & Olsson, 1999 ",0,NA,原生
430638,鳥綱,Phylloscopidae,柳鶯科,棕腹柳鶯,Phylloscopus subaffinis,"Phylloscopus subaffinis Ogilvie-Grant, 1900 ",0,NA,原生
380480,鳥綱,Phylloscopidae,柳鶯科,淡腳柳鶯,Phylloscopus tenellipes,"Phylloscopus tenellipes Swinhoe, 1860 ",0,NA,原生
419651,鳥綱,Phylloscopidae,柳鶯科,暗綠柳鶯,Phylloscopus trochiloides,"Phylloscopus trochiloides Sundevall, 1837 ",0,NA,原生
419650,鳥綱,Phylloscopidae,柳鶯科,歐亞柳鶯,Phylloscopus trochilus,"Phylloscopus trochilus Linnaeus, 1758 ",0,NA,原生
435232,鳥綱,Phylloscopidae,柳鶯科,比氏鶲鶯,Phylloscopus valentini,"Phylloscopus valentini Bangs, 1929 ",0,NA,原生
430644,鳥綱,Phylloscopidae,柳鶯科,日本柳鶯,Phylloscopus xanthodryas,"Phylloscopus xanthodryas Swinhoe, 1863 ",0,NA,原生
432169,鳥綱,Phylloscopidae,柳鶯科,雲南柳鶯,Phylloscopus yunnanensis,"Phylloscopus yunnanensis Alström, Olsson & Colston, 1992 ",0,NA,原生
435227,鳥綱,Corvidae,鴉科,喜鵲,Pica serica,"Pica serica Gould, 1845 ",0,LC,原生
380494,鳥綱,Picidae,啄木鳥科,綠啄木,Picus canus tancolo,"Picus canus tancolo Gould, 1863 ",0,VU,原生
404637,鳥綱,Pittidae,八色鶇科,藍翅八色鳥,Pitta moluccensis,"Pitta moluccensis Statius Muller, 1776 ",0,NA,原生
380436,鳥綱,Pittidae,八色鶇科,八色鳥,Pitta nympha,"Pitta nympha Temminck & Schlegel, 1850 ",0,EN,原生
432261,鳥綱,Pittidae,八色鶇科,綠胸八色鳥,Pitta sordida sordida,"Pitta sordida sordida Statius Müller, 1776 ",0,NA,原生
380258,鳥綱,Threskiornithidae,䴉科,白琵鷺,Platalea leucorodia leucorodia,"Platalea leucorodia leucorodia Linnaeus, 1758 ",0,NA,原生
380259,鳥綱,Threskiornithidae,䴉科,黑面琵鷺,Platalea minor,"Platalea minor Temminck & Schlegel, 1849 ",0,NT,原生
404638,鳥綱,Calcariidae,鐵爪鵐科,雪鵐,Plectrophenax nivalis vlasowae,"Plectrophenax nivalis vlasowae Portenko, 1937 ",0,NA,原生
404639,鳥綱,Threskiornithidae,䴉科,彩䴉,Plegadis falcinellus,"Plegadis falcinellus Linnaeus, 1766 ",0,NA,原生
419431,鳥綱,Ploceidae,織布文鳥科,黑頭織雀,Ploceus cucullatus,"Ploceus cucullatus Müller, 1776 ",0,NA,歸化
432301,鳥綱,Ploceidae,織布文鳥科,非洲金織雀,Ploceus subaureus,"Ploceus subaureus Smith, A, 1839 ",0,NA,歸化
380147,鳥綱,Charadriidae,鴴科,太平洋金斑鴴,Pluvialis fulva,"Pluvialis fulva Gmelin, JF, 1789 ",0,LC,原生
420944,鳥綱,Charadriidae,鴴科,灰斑鴴,Pluvialis squatarola,"Pluvialis squatarola Linnaeus, 1758 ",0,NT,原生
419692,鳥綱,Pnoepygidae,鷦眉科,臺灣鷦眉,Pnoepyga formosana,"Pnoepyga formosana Ingram, 1909 ",1,LC,原生
380195,鳥綱,Podicipedidae,鸊鷉科,角鸊鷉,Podiceps auritus auritus,"Podiceps auritus auritus Linnaeus, 1758 ",0,NA,原生
380196,鳥綱,Podicipedidae,鸊鷉科,冠鸊鷉,Podiceps cristatus cristatus,"Podiceps cristatus cristatus Linnaeus, 1758 ",0,NA,原生
432210,鳥綱,Podicipedidae,鸊鷉科,赤頸鸊鷉,Podiceps grisegena holbollii,"Podiceps grisegena holbollii Reinhardt, 1854 ",0,NA,原生
380197,鳥綱,Podicipedidae,鸊鷉科,黑頸鸊鷉,Podiceps nigricollis nigricollis,"Podiceps nigricollis nigricollis Brehm, 1831 ",0,NA,原生
,鳥綱,Rallidae,秧雞科,白眉秧雞,Poliolimnas cinereus,"Poliolimnas cinereus Vieillot, 1819 ",0,NA,原生
419691,鳥綱,Timaliidae,畫眉科,小彎嘴,Pomatorhinus musicus,"Pomatorhinus musicus Swinhoe, 1859 ",1,LC,原生
435224,鳥綱,Rallidae,秧雞科,灰頭紫水雞,Porphyrio poliocephalus viridis,"Porphyrio poliocephalus viridis Begbie, 1834 ",0,NA,原生
404645,鳥綱,Rallidae,秧雞科,斑胸秧雞,Porzana porzana,"Porzana porzana Linnaeus, 1766 ",0,NA,原生
380315,鳥綱,Cisticolidae,扇尾鶯科,灰頭鷦鶯,Prinia flaviventris sonitans,"Prinia flaviventris sonitans Swinhoe, 1860 ",0,NA,原生
432285,鳥綱,Cisticolidae,扇尾鶯科,褐頭鷦鶯(華南亞種),Prinia inornata extensicauda,"Prinia inornata extensicauda Swinhoe, 1860 ",0,NA,原生
380316,鳥綱,Cisticolidae,扇尾鶯科,褐頭鷦鶯(臺灣亞種),Prinia inornata flavirostris,"Prinia inornata flavirostris Swinhoe, 1863 ",1,LC,原生
404646,鳥綱,Cisticolidae,扇尾鶯科,斑紋鷦鶯(指名亞種),Prinia striata striata,"Prinia striata striata Swinhoe, 1859 ",1,NA,原生
380435,鳥綱,Prunellidae,岩鷚科,岩鷚,Prunella collaris fennelli,"Prunella collaris fennelli Deignan, 1964 ",1,VU,原生
404647,鳥綱,Prunellidae,岩鷚科,棕眉山岩鷚,Prunella montanella,"Prunella montanella Pallas, 1776 ",0,NA,原生
404648,鳥綱,Procellariidae,鸌科,黑背白腹穴鳥,Pseudobulweria rostrata rostrata,"Pseudobulweria rostrata rostrata Peale, 1848 ",0,NA,原生
430649,鳥綱,Megalaimidae,鬚鴷科,五色鳥,Psilopogon nuchalis,"Psilopogon nuchalis Gould, 1863 ",1,LC,原生
417662,鳥綱,Megalaimidae,鬚鴷科,火簇擬啄木鳥,Psilopogon pyrolophus,"Psilopogon pyrolophus S. Muller, 1836 ",0,NA,歸化
432265,鳥綱,Psittacidae,鸚鵡科,紅領綠鸚鵡,Psittacula krameri,"Psittacula krameri Scopoli, 1769 ",0,NA,歸化
417808,鳥綱,Psittacidae,鸚鵡科,非洲灰鸚鵡,Psittacus erithacus,"Psittacus erithacus Linnaeus, 1758 ",0,NA,歸化
380204,鳥綱,Procellariidae,鸌科,白腹穴鳥,Pterodroma hypoleuca,"Pterodroma hypoleuca Salvin, 1888 ",0,NA,原生
432214,鳥綱,Procellariidae,鸌科,克島圓尾穴鳥,Pterodroma neglecta,"Pterodroma neglecta Schlegel, 1863 ",0,NA,原生
444649,鳥綱,Procellariidae,鸌科,索氏圓尾鸌,Pterodroma solandri,"Pterodroma solandri Gould, 1844 ",0,NA,原生
444672,鳥綱,Leiothrichidae,噪眉科,黑喉噪眉,Pterorhinus chinensis,"Pterorhinus chinensis Scopoli, 1786 ",0,NA,歸化
444673,鳥綱,Leiothrichidae,噪眉科,黑臉噪眉,Pterorhinus perspicillatus,"Pterorhinus perspicillatus Gmelin, 1789 ",0,NA,歸化
444674,鳥綱,Leiothrichidae,噪眉科,臺灣白喉噪眉,Pterorhinus ruficeps,"Pterorhinus ruficeps Gould, 1863 ",1,NA,原生
432246,鳥綱,Columbidae,鳩鴿科,小綠鳩,Ptilinopus leclancheri longialis,"Ptilinopus leclancheri longialis Manuel, 1936 ",1,DD,原生
428576,鳥綱,Pycnonotidae,鵯科,白喉紅臀鵯,Pycnonotus aurigaster chrysorrhoides,"Pycnonotus aurigaster chrysorrhoides Vieillot, 1818 ",0,NA,原生
432362,鳥綱,Pycnonotidae,鵯科,白眉黃臀鵯,Pycnonotus goiavier,"Pycnonotus goiavier Scopoli, 1786 ",0,NA,歸化
419434,鳥綱,Pycnonotidae,鵯科,紅耳鵯,Pycnonotus jocosus,"Pycnonotus jocosus Linnaeus, 1758 ",0,NA,歸化
380439,鳥綱,Pycnonotidae,鵯科,白頭翁(臺灣亞種),Pycnonotus sinensis formosae,"Pycnonotus sinensis formosae Hartert, 1910 ",1,LC,原生
432276,鳥綱,Pycnonotidae,鵯科,白頭翁(大陸亞種),Pycnonotus sinensis sinensis,"Pycnonotus sinensis sinensis Gmelin, 1789 ",0,NA,原生
380440,鳥綱,Pycnonotidae,鵯科,烏頭翁,Pycnonotus taivanus,"Pycnonotus taivanus Styan, 1893 ",1,VU,原生
420223,鳥綱,Fringillidae,雀科,褐鷽,Pyrrhula nipalensis uchidae,"Pyrrhula nipalensis uchidae Kuroda, 1916 ",1,LC,原生
420225,鳥綱,Fringillidae,雀科,灰鷽,Pyrrhula owstoni,"Pyrrhula owstoni Rothschild & Hartert, 1907 ",1,NA,原生
427299,鳥綱,Fringillidae,雀科,歐亞鷽,Pyrrhula pyrrhula griseiventris,"Pyrrhula pyrrhula griseiventris Lafresnaye, 1841 ",0,NA,原生
380304,鳥綱,Rallidae,秧雞科,灰腳秧雞,Rallina eurizonoides formosana,"Rallina eurizonoides formosana Seebohm, 1894 ",1,LC,原生
380305,鳥綱,Rallidae,秧雞科,紅腳秧雞,Rallina fasciata,"Rallina fasciata Raffles, 1822 ",0,NA,原生
420954,鳥綱,Rallidae,秧雞科,西方秧雞,Rallus aquaticus,"Rallus aquaticus Linnaeus, 1758 ",0,NA,原生
419986,鳥綱,Rallidae,秧雞科,東亞秧雞,Rallus indicus,"Rallus indicus Blyth, 1849 ",NA,NA,原生
380149,鳥綱,Recurvirostridae,長腳鷸科,反嘴鴴,Recurvirostra avosetta,"Recurvirostra avosetta Linnaeus, 1758 ",0,LC,原生
380442,鳥綱,Regulidae,戴菊科,火冠戴菊鳥,Regulus goodfellowi,"Regulus goodfellowi Ogilvie-Grant, 1906 ",1,LC,原生
380443,鳥綱,Regulidae,戴菊科,戴菊鳥,Regulus regulus japonensis,"Regulus regulus japonensis Blakiston, 1862 ",0,NA,原生
419680,鳥綱,Remizidae,攀雀科,攀雀,Remiz consobrinus,"Remiz consobrinus Swinhoe, 1870 ",0,NA,原生
444645,鳥綱,Rhipiduridae,扇尾鶲科,菲律賓扇尾鶲,Rhipidura nigritorquis,"Rhipidura nigritorquis Vigors, 1831 ",0,NA,原生
425266,鳥綱,Hirundinidae,燕科,棕沙燕,Riparia chinensis chinensis,"Riparia chinensis chinensis Gray, 1830 ",0,NA,原生
380366,鳥綱,Hirundinidae,燕科,灰沙燕,Riparia riparia ijimae,"Riparia riparia ijimae Lonnberg, 1908 ",0,NA,原生
380176,鳥綱,Laridae,鷗科,三趾鷗,Rissa tridactyla,"Rissa tridactyla Linnaeus, 1758 ",0,NA,原生
420867,鳥綱,Rostratulidae,彩鷸科,彩鷸,Rostratula benghalensis,"Rostratula benghalensis Linnaeus, 1758 ",0,LC,原生
419698,鳥綱,Laridae,鷗科,黑嘴鷗,Saundersilarus saundersi,"Saundersilarus saundersi Swinhoe, 1871 ",0,CR,原生
432170,鳥綱,Muscicapidae,鶲科,白斑黑石䳭,Saxicola caprata,"Saxicola caprata Linnaeus, 1766 ",0,NA,原生
404651,鳥綱,Muscicapidae,鶲科,灰叢鴝,Saxicola ferreus haringtoni,"Saxicola ferreus haringtoni Hartert, 1910 ",0,NA,原生
444676,鳥綱,Muscicapidae,鶲科,黑喉鴝,Saxicola stejnegeri,"Saxicola stejnegeri Parrot, 1908 ",0,NA,原生
428594,鳥綱,Pellorneidae,雀眉科,頭烏線,Schoeniparus brunneus brunneus,"Schoeniparus brunneus brunneus Gould, 1863 ",1,LC,原生
380242,鳥綱,Scolopacidae,鷸科,山鷸,Scolopax rusticola,"Scolopax rusticola Linnaeus, 1758 ",0,LC,原生
417783,鳥綱,Fringillidae,雀科,金絲雀,Serinus canaria,"Serinus canaria Linnaeus, 1758 ",0,NA,歸化
418131,鳥綱,Fringillidae,雀科,黃額絲雀,Serinus mozambicus,"Serinus mozambicus S. Muller, 1776 ",0,NA,歸化
432307,鳥綱,Anatidae,雁鴨科,巴鴨,Sibirionetta formosa,"Sibirionetta formosa Georgi, 1775 ",NA,NA,原生
432369,鳥綱,Paradoxornithidae,鸚嘴科,粉紅鸚嘴,Sinosuthora webbiana bulomacha,"Sinosuthora webbiana bulomacha Swinhoe, 1866 ",1,NT,原生
380444,鳥綱,Sittidae,鳾科,茶腹鳾,Sitta europaea sinensis,"Sitta europaea sinensis Verreaux, 1871 ",0,NA,原生
432166,鳥綱,Paridae,山雀科,赤腹山雀,Sittiparus castaneoventris,"Sittiparus castaneoventris Gould, 1862 ",1,NT,原生
431227,鳥綱,Paridae,山雀科,雜色山雀,Sittiparus varius varius,"Sittiparus varius varius Temminck & Schlegel, 1848 ",0,NA,原生
419893,鳥綱,Anatidae,雁鴨科,琵嘴鴨,Spatula clypeata,"Spatula clypeata Linnaeus, 1758 ",0,LC,原生
435220,鳥綱,Anatidae,雁鴨科,白眉鴨,Spatula querquedula,"Spatula querquedula Linnaeus, 1758 ",0,LC,原生
380117,鳥綱,Accipitridae,鷹科,大冠鷲,Spilornis cheela hoya,"Spilornis cheela hoya Swinhoe, 1866 ",1,LC,原生
419847,鳥綱,Fringillidae,雀科,黃雀,Spinus spinus,"Spinus spinus Linnaeus, 1758 ",0,LC,原生
380441,鳥綱,Pycnonotidae,鵯科,白環鸚嘴鵯(臺灣亞種),Spizixos semitorques cinereicapillus,"Spizixos semitorques cinereicapillus Swinhoe, 1871 ",1,LC,原生
432277,鳥綱,Pycnonotidae,鵯科,白環鸚嘴鵯(大陸亞種),Spizixos semitorques semitorques,"Spizixos semitorques semitorques Swinhoe, 1861 ",0,NA,原生
420166,鳥綱,Sturnidae,椋鳥科,灰椋鳥,Spodiopsar cineraceus,"Spodiopsar cineraceus Temminck, 1835 ",NA,LC,原生
420165,鳥綱,Sturnidae,椋鳥科,絲光椋鳥,Spodiopsar sericeus,"Spodiopsar sericeus J. F. Gmelin, 1788 ",NA,LC,原生
444670,鳥綱,Zosteropidae,繡眼科,栗耳鳳眉,Staphida torqueola,"Staphida torqueola Swinhoe, 1870 ",0,NA,原生
404653,鳥綱,Stercorariidae,賊鷗科,長尾賊鷗,Stercorarius longicaudus pallescens,"Stercorarius longicaudus pallescens Løppenthin, 1932 ",0,NA,原生
404654,鳥綱,Stercorariidae,賊鷗科,灰賊鷗,Stercorarius maccormicki,"Stercorarius maccormicki Saunders, H, 1893 ",0,NA,原生
380177,鳥綱,Stercorariidae,賊鷗科,短尾賊鷗,Stercorarius parasiticus,"Stercorarius parasiticus Linnaeus, 1758 ",0,NA,原生
404655,鳥綱,Stercorariidae,賊鷗科,中賊鷗,Stercorarius pomarinus,"Stercorarius pomarinus Temminck, 1815 ",0,NA,原生
380182,鳥綱,Laridae,鷗科,紅燕鷗,Sterna dougallii bangsi,"Sterna dougallii bangsi Mathews, 1912 ",0,LC,原生
380184,鳥綱,Laridae,鷗科,燕鷗(東北亞種),Sterna hirundo longipennis,"Sterna hirundo longipennis Nordmann, 1835 ",0,LC,原生
420278,鳥綱,Laridae,鷗科,燕鷗(蒙古亞種),Sterna hirundo minussensis,"Sterna hirundo minussensis Sushkin, 1925 ",0,NA,原生
380186,鳥綱,Laridae,鷗科,蒼燕鷗,Sterna sumatrana sumatrana,"Sterna sumatrana sumatrana Raffles, 1822 ",0,LC,原生
425231,鳥綱,Laridae,鷗科,小燕鷗,Sternula albifrons sinensis,"Sternula albifrons sinensis Gmelin, JF, 1789 ",0,NT,原生
380266,鳥綱,Columbidae,鳩鴿科,珠頸斑鳩,Streptopelia chinensis chinensis,"Streptopelia chinensis chinensis Scopoli, 1786 ",0,NA,原生
419635,鳥綱,Columbidae,鳩鴿科,灰斑鳩,Streptopelia decaocto,"Streptopelia decaocto Frivaldszky, 1838 ",0,NA,原生
432247,鳥綱,Columbidae,鳩鴿科,金背鳩(大陸亞種),Streptopelia orientalis orientalis,"Streptopelia orientalis orientalis Latham, 1790 ",0,NA,原生
380267,鳥綱,Columbidae,鳩鴿科,金背鳩(臺灣亞種),Streptopelia orientalis orii,"Streptopelia orientalis orii Yamashina, 1932 ",1,LC,原生
380268,鳥綱,Columbidae,鳩鴿科,紅鳩,Streptopelia tranquebarica humilis,"Streptopelia tranquebarica humilis Temminck, 1824 ",0,NA,原生
380507,鳥綱,Strigidae,鴟鴞科,褐林鴞,Strix leptogrammica caligata,"Strix leptogrammica caligata Swinhoe, 1863 ",0,NA,原生
427288,鳥綱,Strigidae,鴟鴞科,東方灰林鴞,Strix nivicolum yamadae,"Strix nivicolum yamadae Yamashina, 1936 ",1,NT,原生
443097,鳥綱,Struthionidae,鴕鳥科,鴕鳥,Struthio camelus,"Struthio camelus Linnaeus, 1758 ",0,NA,歸化
425238,鳥綱,Sturnidae,椋鳥科,栗尾椋鳥,Sturnia malabarica nemoricola,"Sturnia malabarica nemoricola Jerdon, 1862 ",0,NA,歸化
419844,鳥綱,Sturnidae,椋鳥科,灰背椋鳥,Sturnia sinensis,"Sturnia sinensis J. F. Gmelin, 1788 ",0,LC,原生
380451,鳥綱,Sturnidae,椋鳥科,歐洲椋鳥,Sturnus vulgaris poltaratskyi,"Sturnus vulgaris poltaratskyi Finsch, 1878 ",0,NA,原生
404660,鳥綱,Sulidae,鰹鳥科,藍臉鰹鳥,Sula dactylatra personata,"Sula dactylatra personata Gould, 1846 ",0,NA,原生
444648,鳥綱,Sulidae,鰹鳥科,白腹鰹鳥美西亞種,Sula leucogaster brewsteri,"Sula leucogaster brewsteri Goss, NS, 1888 ",0,NA,原生
380256,鳥綱,Sulidae,鰹鳥科,白腹鰹鳥,Sula leucogaster plotus,"Sula leucogaster plotus Forster, JR, 1844 ",0,NA,原生
404661,鳥綱,Sulidae,鰹鳥科,紅腳鰹鳥,Sula sula rubripes,"Sula sula rubripes Gould, 1838 ",0,NA,原生
435221,鳥綱,Cuculidae,杜鵑科,方尾烏鵑,Surniculus lugubris barussarum,"Surniculus lugubris barussarum Oberholser, 1912 ",0,NA,原生
428590,鳥綱,Paradoxornithidae,鸚嘴科,黃羽鸚嘴,Suthora verreauxi morrisoniana,"Suthora verreauxi morrisoniana Ogilvie-Grant, 1906 ",1,LC,原生
431229,鳥綱,Phasianidae,雉科,小鵪鶉,Synoicus chinensis,"Synoicus chinensis Linnaeus, 1766 ",0,EN,原生
432236,鳥綱,Alcidae,海雀科,扁嘴海雀,Synthliboramphus antiquus microrhynchos,"Synthliboramphus antiquus microrhynchos Stepanyan, 1972 ",0,NA,原生
380188,鳥綱,Alcidae,海雀科,冠海雀,Synthliboramphus wumizusume,"Synthliboramphus wumizusume Temminck, 1835 ",0,NA,原生
380291,鳥綱,Phasianidae,雉科,黑長尾雉,Syrmaticus mikado,"Syrmaticus mikado Ogilvie-Grant, 1906 ",1,LC,原生
432211,鳥綱,Podicipedidae,鸊鷉科,小鸊鷉,Tachybaptus ruficollis poggei,"Tachybaptus ruficollis poggei Reichenow, 1902 ",0,NA,原生
380090,鳥綱,Anatidae,雁鴨科,瀆鳧,Tadorna ferruginea,"Tadorna ferruginea Pallas, 1764 ",0,NA,原生
380091,鳥綱,Anatidae,雁鴨科,花鳧,Tadorna tadorna,"Tadorna tadorna Linnaeus, 1758 ",0,NA,原生
444661,鳥綱,Strigidae,鴟鴞科,鵂鶹,Taenioptynx brodiei pardalotus,"Taenioptynx brodiei pardalotus Swinhoe, 1863 ",1,NA,原生
419682,鳥綱,Muscicapidae,鶲科,藍尾鴝,Tarsiger cyanurus cyanurus,"Tarsiger cyanurus cyanurus Pallas, 1773 ",0,NA,原生
419683,鳥綱,Muscicapidae,鶲科,白眉林鴝,Tarsiger indicus formosanus,"Tarsiger indicus formosanus Hartert, 1910 ",1,LC,原生
419684,鳥綱,Muscicapidae,鶲科,栗背林鴝,Tarsiger johnstoniae,"Tarsiger johnstoniae Ogilvie-Grant, 1906 ",1,LC,原生
380335,鳥綱,Monarchidae,王鶲科,紫綬帶(日本亞種),Terpsiphone atrocaudata atrocaudata,"Terpsiphone atrocaudata atrocaudata Eyton, 1839 ",0,NA,原生
425239,鳥綱,Monarchidae,王鶲科,紫綬帶(琉球亞種),Terpsiphone atrocaudata illex,"Terpsiphone atrocaudata illex Bangs, 1901 ",0,NA,原生
420270,鳥綱,Monarchidae,王鶲科,紫綬帶(蘭嶼亞種),Terpsiphone atrocaudata periophthalmica,"Terpsiphone atrocaudata periophthalmica Ogilvie-Grant, 1895 ",0,NT,原生
432198,鳥綱,Monarchidae,王鶲科,阿穆爾綬帶,Terpsiphone incei,"Terpsiphone incei Gould, 1852 ",0,LC,原生
425233,鳥綱,Laridae,鷗科,小鳳頭燕鷗,Thalasseus bengalensis torresii,"Thalasseus bengalensis torresii Gould, 1843 ",0,NA,原生
420056,鳥綱,Laridae,鷗科,鳳頭燕鷗,Thalasseus bergii cristatus,"Thalasseus bergii cristatus Stephens, 1826 ",0,NA,原生
419712,鳥綱,Laridae,鷗科,黑嘴端鳳頭燕鷗,Thalasseus bernsteini,"Thalasseus bernsteini Schlegel, 1863 ",0,CR,原生
425237,鳥綱,Laridae,鷗科,白嘴端燕鷗,Thalasseus sandvicensis sandvicensis,"Thalasseus sandvicensis sandvicensis Latham, 1787 ",0,NA,原生
419665,鳥綱,Threskiornithidae,䴉科,埃及聖䴉,Threskiornis aethiopicus aethiopicus,"Threskiornis aethiopicus aethiopicus Latham, 1790 ",0,NA,歸化
380260,鳥綱,Threskiornithidae,䴉科,黑頭白䴉,Threskiornis melanocephalus,"Threskiornis melanocephalus Latham, 1790 ",0,NA,原生
404665,鳥綱,Alcedinidae,翠鳥科,白領翡翠,Todiramphus chloris collaris,"Todiramphus chloris collaris Scopoli, 1786 ",0,NA,原生
404666,鳥綱,Columbidae,鳩鴿科,橙胸綠鳩,Treron bicinctus domvilii,"Treron bicinctus domvilii Swinhoe, 1870 ",0,NA,原生
419637,鳥綱,Columbidae,鳩鴿科,厚嘴綠鳩,Treron curvirostra,"Treron curvirostra Gmelin, 1789 ",0,NA,原生
380270,鳥綱,Columbidae,鳩鴿科,紅頭綠鳩(臺灣亞種),Treron formosae formosae,"Treron formosae formosae Swinhoe, 1863 ",1,VU,原生
432248,鳥綱,Columbidae,鳩鴿科,紅頭綠鳩(八重山亞種),Treron formosae medioximus,"Treron formosae medioximus Bangs, 1901 ",0,NA,原生
432249,鳥綱,Columbidae,鳩鴿科,綠鳩,Treron sieboldii sieboldii,"Treron sieboldii sieboldii Temminck, 1835 ",0,NA,原生
419433,鳥綱,Psittacidae,鸚鵡科,彩虹吸蜜鸚鵡,Trichoglossus haematodus,"Trichoglossus haematodus Linnaeus, 1771 ",0,NA,歸化
419632,鳥綱,Scolopacidae,鷸科,黃足鷸,Tringa brevipes,"Tringa brevipes Vieillot, 1816 ",0,NT,原生
380245,鳥綱,Scolopacidae,鷸科,鶴鷸,Tringa erythropus,"Tringa erythropus Pallas, 1764 ",0,LC,原生
380246,鳥綱,Scolopacidae,鷸科,小黃腳鷸,Tringa flavipes,"Tringa flavipes J. F. Gmelin, 1789 ",0,NA,原生
380247,鳥綱,Scolopacidae,鷸科,鷹斑鷸,Tringa glareola,"Tringa glareola Linnaeus, 1758 ",0,LC,原生
380248,鳥綱,Scolopacidae,鷸科,諾氏鷸,Tringa guttifer,"Tringa guttifer Nordmann, 1835 ",0,EN,原生
419633,鳥綱,Scolopacidae,鷸科,美洲黃足鷸,Tringa incana,"Tringa incana Vieillot, 1816 ",0,NA,原生
380251,鳥綱,Scolopacidae,鷸科,青足鷸,Tringa nebularia,"Tringa nebularia Gunnerus, 1767 ",0,LC,原生
380252,鳥綱,Scolopacidae,鷸科,白腰草鷸,Tringa ochropus,"Tringa ochropus Linnaeus, 1758 ",0,LC,原生
380253,鳥綱,Scolopacidae,鷸科,小青足鷸,Tringa stagnatilis,"Tringa stagnatilis Bechstein, 1803 ",0,LC,原生
420279,鳥綱,Scolopacidae,鷸科,赤足鷸(東北亞種),Tringa totanus terrignotae,"Tringa totanus terrignotae Buturlin, 1934 ",0,NA,原生
380254,鳥綱,Scolopacidae,鷸科,赤足鷸(西伯利亞亞種),Tringa totanus ussuriensis,"Tringa totanus ussuriensis Buturlin, 1934 ",0,LC,原生
428598,鳥綱,Leiothrichidae,噪眉科,臺灣噪眉,Trochalopteron morrisonianum,"Trochalopteron morrisonianum Ogilvie-Grant, 1906 ",1,LC,原生
380310,鳥綱,Troglodytidae,鷦鷯科,鷦鷯,Troglodytes troglodytes taivanus,"Troglodytes troglodytes taivanus Hartert, 1910 ",1,NT,原生
432168,鳥綱,Turdidae,鶇科,黑頸鶇,Turdus atrogularis,"Turdus atrogularis Jarocki, 1819 ",0,NA,原生
380401,鳥綱,Turdidae,鶇科,烏灰鶇,Turdus cardis,"Turdus cardis Temminck, 1831 ",0,LC,原生
380402,鳥綱,Turdidae,鶇科,赤腹鶇,Turdus chrysolaus chrysolaus,"Turdus chrysolaus chrysolaus Temminck, 1831 ",0,NA,原生
404667,鳥綱,Turdidae,鶇科,斑點鶇,Turdus eunomus,"Turdus eunomus Temminck, 1831 ",0,LC,原生
432281,鳥綱,Turdidae,鶇科,褐頭鶇,Turdus feae,"Turdus feae Salvadori, 1887 ",0,NA,原生
380403,鳥綱,Turdidae,鶇科,灰背鶇,Turdus hortulorum,"Turdus hortulorum Sclater, 1863 ",0,LC,原生
432202,鳥綱,Turdidae,鶇科,中國黑鶇,Turdus mandarinus mandarinus,"Turdus mandarinus mandarinus Bonaparte, 1850 ",0,NA,原生
380405,鳥綱,Turdidae,鶇科,紅尾鶇,Turdus naumanni,"Turdus naumanni Temminck, 1820 ",0,LC,原生
420171,鳥綱,Turdidae,鶇科,白頭鶇,Turdus niveiceps,"Turdus niveiceps Hellmayr, 1919 ",1,NA,原生
380406,鳥綱,Turdidae,鶇科,白眉鶇,Turdus obscurus,"Turdus obscurus J. F. Gmelin, 1789 ",0,LC,原生
380407,鳥綱,Turdidae,鶇科,白腹鶇,Turdus pallidus,"Turdus pallidus J. F. Gmelin, 1789 ",0,LC,原生
404668,鳥綱,Turdidae,鶇科,赤頸鶇,Turdus ruficollis,"Turdus ruficollis Pallas, 1776 ",0,NA,原生
380509,鳥綱,Turnicidae,三趾鶉科,棕三趾鶉,Turnix suscitator rostratus,"Turnix suscitator rostratus Swinhoe, 1865 ",1,LC,原生
404669,鳥綱,Turnicidae,三趾鶉科,林三趾鶉,Turnix sylvaticus davidi,"Turnix sylvaticus davidi Delacour & Jabouille, 1930 ",0,NA,原生
404670,鳥綱,Turnicidae,三趾鶉科,黃腳三趾鶉,Turnix tanki blanfordii,"Turnix tanki blanfordii Blyth, 1863 ",0,NA,原生
419716,鳥綱,Tytonidae,草鴞科,草鴞,Tyto longimembris pithecops,"Tyto longimembris pithecops Swinhoe, 1866 ",1,EN,原生
432258,鳥綱,Upupidae,戴勝科,戴勝,Upupa epops saturata,"Upupa epops saturata Lönnberg, 1909 ",0,NA,原生
404672,鳥綱,Alcidae,海雀科,崖海鴉,Uria aalge inornata,"Uria aalge inornata Salomonsen, 1932 ",0,NA,原生
444659,鳥綱,Phalacrocoracidae,鸕鷀科,海鸕鷀,Urile pelagicus pelagicus,"Urile pelagicus pelagicus Pallas, 1811 ",0,NA,原生
380336,鳥綱,Corvidae,鴉科,臺灣藍鵲,Urocissa caerulea,"Urocissa caerulea Gould, 1863 ",1,LC,原生
419419,鳥綱,Corvidae,鴉科,紅嘴藍鵲,Urocissa erythrorhyncha,"Urocissa erythrorhyncha Boddaert, 1783 ",0,NA,歸化
421043,鳥綱,Scotocercidae,樹鶯科,短尾鶯,Urosphena squameiceps,"Urosphena squameiceps Swinhoe, 1863 ",0,LC,原生
380150,鳥綱,Charadriidae,鴴科,跳鴴,Vanellus cinereus,"Vanellus cinereus Blyth, 1842 ",0,NA,原生
380151,鳥綱,Charadriidae,鴴科,小辮鴴,Vanellus vanellus,"Vanellus vanellus Linnaeus, 1758 ",0,LC,原生
419449,鳥綱,Viduidae,維達鳥科,針尾維達鳥,Vidua macroura,"Vidua macroura Pallas, 1764 ",0,NA,歸化
432243,鳥綱,Laridae,鷗科,叉尾鷗,Xema sabini,"Xema sabini Sabine, 1819 ",0,NA,原生
404673,鳥綱,Scolopacidae,鷸科,反嘴鷸,Xenus cinereus,"Xenus cinereus Guldenstadt, 1775 ",0,LC,原生
380486,鳥綱,Zosteropidae,繡眼科,冠羽畫眉,Yuhina brunneiceps,"Yuhina brunneiceps Ogilvie-Grant, 1906 ",1,LC,原生
435226,鳥綱,Picidae,啄木鳥科,小啄木,Yungipicus canicapillus kaleensis,"Yungipicus canicapillus kaleensis Swinhoe, 1863 ",0,NA,原生
432227,鳥綱,Rallidae,秧雞科,紅腳苦惡鳥,Zapornia akool coccineipes,"Zapornia akool coccineipes Slater, 1891 ",0,NA,原生
432188,鳥綱,Rallidae,秧雞科,緋秧雞,Zapornia fusca erythrothorax,"Zapornia fusca erythrothorax Temminck & Schlegel, 1849 ",0,NA,原生
432189,鳥綱,Rallidae,秧雞科,斑脇秧雞,Zapornia paykullii,"Zapornia paykullii Ljungh, 1813 ",0,NA,原生
432190,鳥綱,Rallidae,秧雞科,小秧雞,Zapornia pusilla pusilla,"Zapornia pusilla pusilla Pallas, 1776 ",0,NA,原生
420169,鳥綱,Turdidae,鶇科,白氏地鶇(指名亞種),Zoothera aurea aurea,"Zoothera aurea aurea Holandre, 1825 ",0,LC,原生
420257,鳥綱,Turdidae,鶇科,白氏地鶇(日本亞種),Zoothera aurea toratugumi,"Zoothera aurea toratugumi Momiyama, 1940 ",0,LC,原生
380409,鳥綱,Turdidae,鶇科,虎斑地鶇(臺灣留鳥),Zoothera dauma dauma,"Zoothera dauma dauma Latham, 1790 ",0,NA,原生
419663,鳥綱,Zosteropidae,繡眼科,紅脇繡眼,Zosterops erythropleurus,"Zosterops erythropleurus Swinhoe, 1863 ",0,NA,原生
432286,鳥綱,Zosteropidae,繡眼科,日菲繡眼,Zosterops japonicus japonicus,"Zosterops japonicus japonicus Temminck & Schlegel, 1845 ",0,LC,原生
380489,鳥綱,Zosteropidae,繡眼科,低地繡眼,Zosterops meyeni batanis,"Zosterops meyeni batanis McGregor, 1907 ",0,LC,原生
435214,鳥綱,Zosteropidae,繡眼科,斯氏繡眼,Zosterops simplex simplex,"Zosterops simplex simplex Swinhoe, 1861 ",0,LC,原生
