family;Genus;Sci_name;Sci_name_simp;author;CN_1;CN_2;SP
弄蝶科 Hesperiidae Latreille, 1809;傘弄蝶屬 Burara Swinhoe, 1893;Burara jaina formosana Fruhstorfer, 1911;Burara jaina formosana;Fruhstorfer, 1911;橙翅傘弄蝶;鸞褐弄蝶;
弄蝶科 Hesperiidae Latreille, 1809;絨弄蝶屬 Hasora Moore, 1881;Hasora badra badra Moore, 1858;Hasora badra badra;Moore, 1858;鐵色絨弄蝶;鐵色絨毛弄蝶;
弄蝶科 Hesperiidae Latreille, 1809;絨弄蝶屬 Hasora Moore, 1881;Hasora chromus chromus Cramer, 1780;Hasora chromus chromus;Cramer, 1780;尖翅絨弄蝶;沖繩絨毛弄蝶;
弄蝶科 Hesperiidae Latreille, 1809;絨弄蝶屬 Hasora Moore, 1881;Hasora anura taiwana Hsu, Chiba & Tsukiyama, 2005;Hasora anura taiwana;Hsu, Chiba & Tsukiyama, 2005;無尾絨弄蝶;無尾絨毛弄蝶;
弄蝶科 Hesperiidae Latreille, 1809;絨弄蝶屬 Hasora Moore, 1881;Hasora taminatus vairacana Fruhstorfer, 1911;Hasora taminatus vairacana;Fruhstorfer, 1911;圓翅絨弄蝶;台灣絨毛弄蝶;
弄蝶科 Hesperiidae Latreille, 1809;絨弄蝶屬 Hasora Moore, 1881;Hasora mixta limatus Hsu & Huang, 2008;Hasora mixta limatus;Hsu & Huang, 2008;南風絨弄蝶;;
弄蝶科 Hesperiidae Latreille, 1809;長翅弄蝶屬 Badamia Moore, 1881;Badamia exclamationis Fabricius, 1775;Badamia exclamationis;Fabricius, 1775;長翅弄蝶;淡綠弄蝶;
弄蝶科 Hesperiidae Latreille, 1809;綠弄蝶屬 Choaspes Moore, 1881;Choaspes benjaminii formosanus Fruhstorfer, 1911;Choaspes benjaminii formosanus;Fruhstorfer, 1911;綠弄蝶;大綠弄蝶;
弄蝶科 Hesperiidae Latreille, 1809;綠弄蝶屬 Choaspes Moore, 1881;Choaspes xanthopogon chrysopterus Hsu, 1988;Choaspes xanthopogon chrysopterus;Hsu, 1988;褐翅綠弄蝶;褐翅綠弄蝶;
弄蝶科 Hesperiidae Latreille, 1809;珠弄蝶屬 Erynnis Schrank, 1801;Erynnis montanus neomontanus Murayama & Yoshisaka, 1959 ;Erynnis montanus neomontanus;Murayama & Yoshisaka, 1959 ;深山珠弄蝶;深山弄蝶;疑問種
弄蝶科 Hesperiidae Latreille, 1809;帶弄蝶屬 Lobocla Moore, 1884;Lobocla bifasciata kodairai  Sonan, 1936;Lobocla bifasciata kodairai;Sonan, 1936;雙帶弄蝶;白紋弄蝶;
弄蝶科 Hesperiidae Latreille, 1809;星弄蝶屬 Celaenorrhinus Hübner, 1819;Celaenorrhinus pulomaya formosanus Fruhstorfer, 1909;Celaenorrhinus pulomaya formosanus;Fruhstorfer, 1909;尖翅星弄蝶;蓬萊黃紋弄蝶;
弄蝶科 Hesperiidae Latreille, 1809;星弄蝶屬 Celaenorrhinus Hübner, 1819;Celaenorrhinus kurosawai Shirôzu, 1960 ;Celaenorrhinus kurosawai;Shirôzu, 1960 ;黑澤星弄蝶;姬黃紋弄蝶;特有種
弄蝶科 Hesperiidae Latreille, 1809;星弄蝶屬 Celaenorrhinus Hübner, 1819;Celaenorrhinus ratna Fruhstorfer, 1909;Celaenorrhinus ratna;Fruhstorfer, 1909;小星弄蝶;白鬚黃紋弄蝶;
弄蝶科 Hesperiidae Latreille, 1809;星弄蝶屬 Celaenorrhinus Hübner, 1819;Celaenorrhinus chihhsiaoi Hsu, 1990;Celaenorrhinus chihhsiaoi;Hsu, 1990;魑魅星弄蝶;魑魅黃紋弄蝶;特有種
弄蝶科 Hesperiidae Latreille, 1809;星弄蝶屬 Celaenorrhinus Hübner, 1819;Celaenorrhinus horishanus Shirôzu, 1960 ;Celaenorrhinus horishanus;Shirôzu, 1960 ;埔里星弄蝶;埔里黃紋弄蝶;特有種
弄蝶科 Hesperiidae Latreille, 1809;星弄蝶屬 Celaenorrhinus Hübner, 1819;Celaenorrhinus major Hsu, 1990 ;Celaenorrhinus major;Hsu, 1990 ;台灣流星弄蝶;華西黃紋弄蝶;特有種
弄蝶科 Hesperiidae Latreille, 1809;星弄蝶屬 Celaenorrhinus Hübner, 1819;Celaenorrhinus maculosus taiwanus Matsumura, 1919;Celaenorrhinus maculosus taiwanus;Matsumura, 1919;大流星弄蝶;大型黃紋弄蝶;
弄蝶科 Hesperiidae Latreille, 1809;襟弄蝶屬 Pseudocoladenia Shirôzu & Saigusa, 1962;Pseudocoladenia dan sadakoe Sonan & Mitono, 1936;Pseudocoladenia dan sadakoe;Sonan & Mitono, 1936;黃襟弄蝶;八仙山弄蝶;
弄蝶科 Hesperiidae Latreille, 1809;窗弄蝶屬 Coladenia Moore, 1881;Coladenia pinsbukana Shimonoya & Murayama, 1976 ;Coladenia pinsbukana;Shimonoya & Murayama, 1976 ;台灣窗弄蝶;黃後翅弄蝶;特有種
弄蝶科 Hesperiidae Latreille, 1809;颯弄蝶屬 Satarupa Moore, 1866;Satarupa majasra Fruhstorfer, 1909 ;Satarupa majasra;Fruhstorfer, 1909 ;小紋颯弄蝶;大白裙弄蝶;特有種
弄蝶科 Hesperiidae Latreille, 1809;颯弄蝶屬 Satarupa Moore, 1866;Satarupa formosibia Strand, 1927 ;Satarupa formosibia;Strand, 1927 ;台灣颯弄蝶;台灣大白裙弄蝶;特有種
弄蝶科 Hesperiidae Latreille, 1809;瑟弄蝶屬 Seseria Matsumura, 1919;Seseria formosana Fruhstorfer, 1909 ;Seseria formosana;Fruhstorfer, 1909 ;台灣瑟弄蝶;大黑星弄蝶;特有種
弄蝶科 Hesperiidae Latreille, 1809;裙弄蝶屬 Tagiades Hübner, 1819;Tagiades cohaerens Mabille, 1914;Tagiades cohaerens;Mabille, 1914;白裙弄蝶;白裙弄蝶;
弄蝶科 Hesperiidae Latreille, 1809;裙弄蝶屬 Tagiades Hübner, 1819;Tagiades trebellius martinus Plötz, 1884;Tagiades trebellius martinus;Plötz, 1884;熱帶白裙弄蝶;蘭嶼白裙弄蝶;
弄蝶科 Hesperiidae Latreille, 1809;玉帶弄蝶屬 Daimio Murray, 1875;Daimio tethys moori Mabille, 1876;Daimio tethys moori;Mabille, 1876;玉帶弄蝶;玉帶弄蝶;
弄蝶科 Hesperiidae Latreille, 1809;白弄蝶屬 Abraximorpha Elwes & Edwards, 1897;Abraximorpha davidii ermasis Fruhstorfer, 1914;Abraximorpha davidii ermasis;Fruhstorfer, 1914;白弄蝶;白弄蝶;
弄蝶科 Hesperiidae Latreille, 1809;白弄蝶屬 Abraximorpha Elwes & Edwards, 1897;Pelopidas mathias oberthueri Evans, 1937;Pelopidas mathias oberthueri;Evans, 1937;褐弄蝶;褐弄蝶;
弄蝶科 Hesperiidae Latreille, 1809;白弄蝶屬 Abraximorpha Elwes & Edwards, 1897;Pelopidas agna Moore, 1866;Pelopidas agna;Moore, 1866;尖翅褐弄蝶;尖翅褐弄蝶;
弄蝶科 Hesperiidae Latreille, 1809;白弄蝶屬 Abraximorpha Elwes & Edwards, 1897;Pelopidas sinensis Mabille, 1877;Pelopidas sinensis;Mabille, 1877;中華褐弄蝶;中華褐弄蝶;
弄蝶科 Hesperiidae Latreille, 1809;白弄蝶屬 Abraximorpha Elwes & Edwards, 1897;Pelopidas conjuncta Herrich - Schäffer, 1869;Pelopidas conjuncta;Herrich - Schäffer, 1869;巨褐弄蝶;台灣大褐弄蝶;
弄蝶科 Hesperiidae Latreille, 1809;孔弄蝶屬 Polytremis Mabille, 1904;Polytremis lubricans kuyaniana Matsumura, 1919;Polytremis lubricans kuyaniana;Matsumura, 1919;黃紋孔弄蝶;黃紋褐弄蝶;
弄蝶科 Hesperiidae Latreille, 1809;孔弄蝶屬 Polytremis Mabille, 1904;Polytremis eltola tappana Matsumura, 1919;Polytremis eltola tappana;Matsumura, 1919;碎紋孔弄蝶;達邦褐弄蝶;
弄蝶科 Hesperiidae Latreille, 1809;孔弄蝶屬 Polytremis Mabille, 1904;Polytremis theca Evans, 1937 ;Polytremis theca;Evans, 1937 ;短紋孔弄蝶;大褐弄蝶;疑問種
弄蝶科 Hesperiidae Latreille, 1809;孔弄蝶屬 Polytremis Mabille, 1904;Polytremis zina taiwana Murayama, 1981;Polytremis zina taiwana;Murayama, 1981;長紋孔弄蝶;;
弄蝶科 Hesperiidae Latreille, 1809;孔弄蝶屬 Polytremis Mabille, 1904;Polytremis kiraizana Sonan, 1938 ;Polytremis kiraizana;Sonan, 1938 ;奇萊孔弄蝶;奇萊褐弄蝶;特有種
弄蝶科 Hesperiidae Latreille, 1809;黯弄蝶屬 Caltoris Swinhoe, 1893;Caltoris cahira austeni Moore, 1883;Caltoris cahira austeni;Moore, 1883;黯弄蝶;黑紋弄蝶;
弄蝶科 Hesperiidae Latreille, 1809;黯弄蝶屬 Caltoris Swinhoe, 1893;Caltoris bromus yanuca Fruhstorfer, 1911;Caltoris bromus yanuca;Fruhstorfer, 1911;變紋黯弄蝶;無紋弄蝶;
鳳蝶科 Papilionidae Latreille, 1802;虎鳳蝶屬 Luehdorfia Crüger, 1878;Luehdorfia japonica formosana Rothschild, 1918 ;Luehdorfia japonica formosana;Rothschild, 1918 ;日本虎鳳蝶;花鳳蝶;疑問種
鳳蝶科 Papilionidae Latreille, 1802;裳鳳蝶屬 Troides Hübner, 1819;Troides aeacus formosanus Rothschild, 1899;Troides aeacus formosanus;Rothschild, 1899;黃裳鳳蝶;黃裳鳳蝶;
鳳蝶科 Papilionidae Latreille, 1802;裳鳳蝶屬 Troides Hübner, 1819;Troides magellanus sonani Matsumura, 1932;Troides magellanus sonani;Matsumura, 1932;珠光裳鳳蝶;珠光鳳蝶;
鳳蝶科 Papilionidae Latreille, 1802;裳鳳蝶屬 Troides Hübner, 1819;Troides plateni Staudinger, 1889 ;Troides plateni;Staudinger, 1889 ;巴拉望裳鳳蝶;蒲氏黃裳鳳蝶;偶產種
鳳蝶科 Papilionidae Latreille, 1802;曙鳳蝶屬 Atrophaneura Reakirt, 1865;Atrophaneura horishana Matsumura, 1910 ;Atrophaneura horishana;Matsumura, 1910 ;曙鳳蝶;曙鳳蝶;特有種
鳳蝶科 Papilionidae Latreille, 1802;曙鳳蝶屬 Atrophaneura Reakirt, 1865;Atrophaneura semperi C. & R. Felder, 1861 ;Atrophaneura semperi;C. & R. Felder, 1861 ;菲律賓曙鳳蝶;白背曙鳳蝶;偶產種
鳳蝶科 Papilionidae Latreille, 1802;麝鳳蝶屬 Byasa Moore, 1882;Byasa polyeuctes termessus Fruhstorfer, 1842;Byasa polyeuctes termessus;Fruhstorfer, 1842;多姿麝鳳蝶;大紅紋鳳蝶;
鳳蝶科 Papilionidae Latreille, 1802;麝鳳蝶屬 Byasa Moore, 1882;Byasa impediens febanus Fruhstorfer, 1908;Byasa impediens febanus;Fruhstorfer, 1908;長尾麝鳳蝶;台灣麝香鳳蝶;
鳳蝶科 Papilionidae Latreille, 1802;麝鳳蝶屬 Byasa Moore, 1882;Byasa alcinous mansonensis Fruhstorfer, 1901;Byasa alcinous mansonensis;Fruhstorfer, 1901;麝鳳蝶;麝香鳳蝶;
鳳蝶科 Papilionidae Latreille, 1802;珠鳳蝶屬 Pachliopta Reakirt, 1865;Pachliopta aristolochiae interposita Fruhstorfer, 1901;Pachliopta aristolochiae interposita;Fruhstorfer, 1901;紅珠鳳蝶;紅紋鳳蝶;
鳳蝶科 Papilionidae Latreille, 1802;劍鳳蝶屬 Pazala Moore, 1888;Pazala eurous asakurae Matsumura, 1908;Pazala eurous asakurae;Matsumura, 1908;劍鳳蝶;升天鳳蝶;
鳳蝶科 Papilionidae Latreille, 1802;劍鳳蝶屬 Pazala Moore, 1888;Pazala timur chungianus Murayama, 1961;Pazala timur chungianus;Murayama, 1961;黑尾劍鳳蝶;木生鳳蝶;
鳳蝶科 Papilionidae Latreille, 1802;青鳳蝶屬 Graphium Scopoli, 1777;Graphium sarpedon connectens Fruhstorfer, 1906;Graphium sarpedon connectens;Fruhstorfer, 1906;青鳳蝶;青帶鳳蝶;
鳳蝶科 Papilionidae Latreille, 1802;青鳳蝶屬 Graphium Scopoli, 1777;Graphium cloanthus kuge Fruhstorfer, 1931;Graphium cloanthus kuge;Fruhstorfer, 1931;寬帶青鳳蝶;寬青帶鳳蝶;
鳳蝶科 Papilionidae Latreille, 1802;青鳳蝶屬 Graphium Scopoli, 1777;Graphium doson postianus Fruhstorfer, 1908;Graphium doson postianus;Fruhstorfer, 1908;木蘭青鳳蝶;青斑鳳蝶;
鳳蝶科 Papilionidae Latreille, 1802;青鳳蝶屬 Graphium Scopoli, 1777;Graphium agamemnon Linnaeus, 1758;Graphium agamemnon;Linnaeus, 1758;翠斑青鳳蝶;綠斑鳳蝶;
鳳蝶科 Papilionidae Latreille, 1802;斑鳳蝶屬 Chilasa Moore, 1881;Chilasa agestor matsumurae Fruhstorfer, 1908;Chilasa agestor matsumurae;Fruhstorfer, 1908;斑鳳蝶;斑鳳蝶;
鳳蝶科 Papilionidae Latreille, 1802;斑鳳蝶屬 Chilasa Moore, 1881;Chilasa epycides melanoleucus Ney, 1911;Chilasa epycides melanoleucus;Ney, 1911;黃星斑鳳蝶;黃星鳳蝶;
鳳蝶科 Papilionidae Latreille, 1802;斑鳳蝶屬 Chilasa Moore, 1881;Chilasa clytia Linnaeus, 1758 ;Chilasa clytia;Linnaeus, 1758 ;大斑鳳蝶;黃邊鳳蝶;偶產種
鳳蝶科 Papilionidae Latreille, 1802;寬尾鳳蝶屬 Agehana Matsumura, 1936;Agehana maraho Shiraki & Sonan, 1934 ;Agehana maraho;Shiraki & Sonan, 1934 ;台灣寬尾鳳蝶;寬尾鳳蝶;特有種
鳳蝶科 Papilionidae Latreille, 1802;鳳蝶屬 Papilio Linnaeus, 1758;Papilio demoleus Linnaeus, 1758;Papilio demoleus;Linnaeus, 1758;花鳳蝶;無尾鳳蝶;
鳳蝶科 Papilionidae Latreille, 1802;鳳蝶屬 Papilio Linnaeus, 1758;Papilio machoan sylvina Hemming, 1933;Papilio machoan sylvina;Hemming, 1933;黃鳳蝶;黃鳳蝶;
鳳蝶科 Papilionidae Latreille, 1802;鳳蝶屬 Papilio Linnaeus, 1758;Papilio xuthus Linnaeus, 1767;Papilio xuthus;Linnaeus, 1767;柑橘鳳蝶;柑橘鳳蝶;
鳳蝶科 Papilionidae Latreille, 1802;鳳蝶屬 Papilio Linnaeus, 1758;Papilio polytes polytes Linnaeus, 1758;Papilio polytes polytes;Linnaeus, 1758;玉帶鳳蝶;玉帶鳳蝶;
鳳蝶科 Papilionidae Latreille, 1802;鳳蝶屬 Papilio Linnaeus, 1758;Papilio polytes ledebouria Eschscholtz, 1821 ;Papilio polytes ledebouria;Eschscholtz, 1821 ;玉帶鳳蝶(菲亞);玉帶鳳蝶(無尾型);偶產種
鳳蝶科 Papilionidae Latreille, 1802;鳳蝶屬 Papilio Linnaeus, 1758;Papilio protenor protenor Cramer, 1775;Papilio protenor protenor;Cramer, 1775;黑鳳蝶;黑鳳蝶;
鳳蝶科 Papilionidae Latreille, 1802;鳳蝶屬 Papilio Linnaeus, 1758;Papilio protenor liukiuensis Fruhstorfer, 1899 ;Papilio protenor liukiuensis;Fruhstorfer, 1899 ;黑鳳蝶(沖繩八重山亞種);;偶產種
鳳蝶科 Papilionidae Latreille, 1802;鳳蝶屬 Papilio Linnaeus, 1758;Papilio helenus fortunius Fruhstorfer, 1908;Papilio helenus fortunius;Fruhstorfer, 1908;白紋鳳蝶;白紋鳳蝶;
鳳蝶科 Papilionidae Latreille, 1802;鳳蝶屬 Papilio Linnaeus, 1758;Papilio nephelus chaonulus Fruhstorfer, 1902;Papilio nephelus chaonulus;Fruhstorfer, 1902;大白紋鳳蝶;台灣白紋鳳蝶;
鳳蝶科 Papilionidae Latreille, 1802;鳳蝶屬 Papilio Linnaeus, 1758;Papilio castor formosanus Rothschild, 1896;Papilio castor formosanus;Rothschild, 1896;無尾白紋鳳蝶;無尾白紋鳳蝶;
鳳蝶科 Papilionidae Latreille, 1802;鳳蝶屬 Papilio Linnaeus, 1758;Papilio thaiwanus Rothschild, 1898 ;Papilio thaiwanus;Rothschild, 1898 ;台灣鳳蝶;台灣鳳蝶;特有種
鳳蝶科 Papilionidae Latreille, 1802;鳳蝶屬 Papilio Linnaeus, 1758;Papilio memnon heronus Fruhstorfer, 1929;Papilio memnon heronus;Fruhstorfer, 1929;大鳳蝶;大鳳蝶;
鳳蝶科 Papilionidae Latreille, 1802;鳳蝶屬 Papilio Linnaeus, 1758;Papilio rumanzovia Eschscholtz, 1821 ;Papilio rumanzovia;Eschscholtz, 1821 ;紅斑大鳳蝶;紅斑大鳳蝶;偶產種
鳳蝶科 Papilionidae Latreille, 1802;鳳蝶屬 Papilio Linnaeus, 1758;Papilio aegeus Dovovan, 1805 ;Papilio aegeus;Dovovan, 1805 ;果園鳳蝶;;偶產種
鳳蝶科 Papilionidae Latreille, 1802;鳳蝶屬 Papilio Linnaeus, 1758;Papilio bianor thrasymedes Fruhstorfer, 1909;Papilio bianor thrasymedes;Fruhstorfer, 1909;翠鳳蝶;烏鴉鳳蝶;
鳳蝶科 Papilionidae Latreille, 1802;鳳蝶屬 Papilio Linnaeus, 1758;Papilio bianor kotoensis Sonan, 1927 ;Papilio bianor kotoensis;Sonan, 1927 ;翠鳳蝶(蘭亞);琉璃帶鳳蝶;蘭嶼
鳳蝶科 Papilionidae Latreille, 1802;鳳蝶屬 Papilio Linnaeus, 1758;Papilio dialis tatsuta Murayama, 1970;Papilio dialis tatsuta;Murayama, 1970;穹翠鳳蝶;台灣烏鴉鳳蝶;
鳳蝶科 Papilionidae Latreille, 1802;鳳蝶屬 Papilio Linnaeus, 1758;Papilio hopponis Matsumura, 1907 ;Papilio hopponis;Matsumura, 1907 ;雙環翠鳳蝶;雙環鳳蝶;特有種
鳳蝶科 Papilionidae Latreille, 1802;鳳蝶屬 Papilio Linnaeus, 1758;Papilio maackii Ménétriès, 1859 ;Papilio maackii;Ménétriès, 1859 ;綠帶翠鳳蝶;;疑問種
鳳蝶科 Papilionidae Latreille, 1802;鳳蝶屬 Papilio Linnaeus, 1758;Papilio hermosanus Rebel, 1906 ;Papilio hermosanus;Rebel, 1906 ;台灣琉璃翠鳳蝶;琉璃紋鳳蝶;特有種
鳳蝶科 Papilionidae Latreille, 1802;鳳蝶屬 Papilio Linnaeus, 1758;Papilio paris nakaharai Shirôzu, 1960;Papilio paris nakaharai;Shirôzu, 1960;琉璃翠鳳蝶;大琉璃紋鳳蝶;
粉蝶科 Pieridae Duponchel, 1832;豔粉蝶屬 Delias Hübner, 1819;Delias pasithoe curasena Fruhstorfer, 1908;Delias pasithoe curasena;Fruhstorfer, 1908;豔粉蝶;紅肩粉蝶;
粉蝶科 Pieridae Duponchel, 1832;豔粉蝶屬 Delias Hübner, 1819;Delias hyparete luzonensis C. & R. Felder, 1862;Delias hyparete luzonensis;C. & R. Felder, 1862;白豔粉蝶;紅紋粉蝶;
粉蝶科 Pieridae Duponchel, 1832;豔粉蝶屬 Delias Hübner, 1819;Delias lativitta formosana Matsumura, 1909;Delias lativitta formosana;Matsumura, 1909;條斑豔粉蝶;麻斑粉蝶;
粉蝶科 Pieridae Duponchel, 1832;豔粉蝶屬 Delias Hübner, 1819;Delias berinda wilemani Jordan, 1925;Delias berinda wilemani;Jordan, 1925;黃裙豔粉蝶;韋氏麻斑粉蝶;
粉蝶科 Pieridae Duponchel, 1832;絹粉蝶屬 Aporia Hübner, 1819;Aporia agathon moltrechti Oberthr, 1909;Aporia agathon moltrechti;Oberthr, 1909;流星絹粉蝶;高山粉蝶;
粉蝶科 Pieridae Duponchel, 1832;絹粉蝶屬 Aporia Hübner, 1819;Aporia genestieri insularis  Shirôzu, 1959;Aporia genestieri insularis;Shirôzu, 1959;白絹粉蝶;深山粉蝶;
粉蝶科 Pieridae Duponchel, 1832;絹粉蝶屬 Aporia Hübner, 1819;Aporia gigantea cheni Hsu & Chou, 1999;Aporia gigantea cheni;Hsu & Chou, 1999;截脈絹粉蝶;;
粉蝶科 Pieridae Duponchel, 1832;白粉蝶屬 Pieris Schrank, 1801;Pieris rapae crucivora Boisduval, 1836;Pieris rapae crucivora;Boisduval, 1836;白粉蝶;紋白蝶;
粉蝶科 Pieridae Duponchel, 1832;白粉蝶屬 Pieris Schrank, 1801;Pieris canidia Sparrman, 1768;Pieris canidia;Sparrman, 1768;緣點白粉蝶;台灣紋白蝶;
粉蝶科 Pieridae Duponchel, 1832;飛龍白粉蝶屬 Talbotia Bernardi, 1958;Talbotia naganum karumii Ikeda, 1937;Talbotia naganum karumii;Ikeda, 1937;飛龍白粉蝶;輕海紋白蝶;
粉蝶科 Pieridae Duponchel, 1832;脈粉蝶屬 Cepora Billberg, 1820;Cepora nadina eunama Fruhstorfer, 1908;Cepora nadina eunama;Fruhstorfer, 1908;淡褐脈粉蝶;淡紫粉蝶;
粉蝶科 Pieridae Duponchel, 1832;脈粉蝶屬 Cepora Billberg, 1820;Cepora nerissa cibyra Fruhstorfer, 1910;Cepora nerissa cibyra;Fruhstorfer, 1910;黑脈粉蝶;黑脈粉蝶;
粉蝶科 Pieridae Duponchel, 1832;脈粉蝶屬 Cepora Billberg, 1820;Cepora iudith olga Eschscholtz, 1821 ;Cepora iudith olga;Eschscholtz, 1821 ;黃裙脈粉蝶;黃裙粉蝶;定居偶產種
粉蝶科 Pieridae Duponchel, 1832;尖粉蝶屬 Appias Hübner, 1819;Appias olferna peducaea Fruhstorfer, 1910 ;Appias olferna peducaea;Fruhstorfer, 1910 ;鑲邊尖粉蝶;八重山粉蝶;定居偶產種
粉蝶科 Pieridae Duponchel, 1832;尖粉蝶屬 Appias Hübner, 1819;Appias albina semperi Moore, 1905;Appias albina semperi;Moore, 1905;尖粉蝶;尖翅粉蝶;
粉蝶科 Pieridae Duponchel, 1832;尖粉蝶屬 Appias Hübner, 1819;Appias paulina minato Fruhstorfer, 1898;Appias paulina minato;Fruhstorfer, 1898;黃尖粉蝶;蘭嶼粉蝶;
粉蝶科 Pieridae Duponchel, 1832;尖粉蝶屬 Appias Hübner, 1819;Appias nero domitia C. & R. Felder, 1862 ;Appias nero domitia;C. & R. Felder, 1862 ;紅尖粉蝶;紅粉蝶;偶產種
粉蝶科 Pieridae Duponchel, 1832;尖粉蝶屬 Appias Hübner, 1819;Appias lyncida eleonora Boisduval, 1836;Appias lyncida eleonora;Boisduval, 1836;異色尖粉蝶;台灣粉蝶;
粉蝶科 Pieridae Duponchel, 1832;尖粉蝶屬 Appias Hübner, 1819;Appias indra aristoxemus Fruhstorfer, 1908;Appias indra aristoxemus;Fruhstorfer, 1908;雲紋尖粉蝶;雲紋粉蝶;
粉蝶科 Pieridae Duponchel, 1832;南尖粉蝶屬 Saletara Distant, 1885;Saletara panda nathalia C. & R. Felder, 1862 ;Saletara panda nathalia;C. & R. Felder, 1862 ;南尖粉蝶;岩崎粉蝶;偶產種
粉蝶科 Pieridae Duponchel, 1832;鋸粉蝶屬 Prioneris Wallace, 1867;Prioneris thestylis formosana Fruhstorfer, 1908;Prioneris thestylis formosana;Fruhstorfer, 1908;鋸粉蝶;斑粉蝶;
粉蝶科 Pieridae Duponchel, 1832;鋸粉蝶屬 Prioneris Wallace, 1867;Prioneris hypsipyle Weymer, 1887 ;Prioneris hypsipyle;Weymer, 1887 ;蘇門答臘鋸粉蝶;;偶產種
粉蝶科 Pieridae Duponchel, 1832;纖粉蝶屬 Leptosia Hübner, 1819;Leptosia nina niobe Wallace, 1866;Leptosia nina niobe;Wallace, 1866;纖粉蝶;黑點粉蝶;
粉蝶科 Pieridae Duponchel, 1832;異粉蝶屬 Ixias Hübner, 1819;Ixias pyrene insignis Butler, 1879;Ixias pyrene insignis;Butler, 1879;異粉蝶;雌白黃蝶;
粉蝶科 Pieridae Duponchel, 1832;橙端粉蝶屬 Hebomoia Hübner, 1819;Hebomoia glaucippe formosana Fruhstorfer, 1908;Hebomoia glaucippe formosana;Fruhstorfer, 1908;橙端粉蝶;端紅蝶;
粉蝶科 Pieridae Duponchel, 1832;遷粉蝶屬 Catopsilia Hübner, 1819;Catopsilia pyranthe Linnaeus, 1758;Catopsilia pyranthe;Linnaeus, 1758;細波遷粉蝶;水青粉蝶;
粉蝶科 Pieridae Duponchel, 1832;遷粉蝶屬 Catopsilia Hübner, 1819;Catopsilia pomona Fabricius, 1775;Catopsilia pomona;Fabricius, 1775;遷粉蝶;銀紋淡黃蝶;
粉蝶科 Pieridae Duponchel, 1832;遷粉蝶屬 Catopsilia Hübner, 1819;Catopsilia scylla cornelia Fabricius, 1787 ;Catopsilia scylla cornelia;Fabricius, 1787 ;黃裙遷粉蝶;大黃裙粉蝶;定居偶產種
粉蝶科 Pieridae Duponchel, 1832;紋黃蝶屬 Colias Fabricius, 1807;Colias erate formosana Shirôzu, 1955;Colias erate formosana;Shirôzu, 1955;紋黃蝶;紋黃蝶;
粉蝶科 Pieridae Duponchel, 1832;鉤粉蝶屬 Gonepteryx Leach, 1815;Gonepteryx amintha formosana Fruhstorfer, 1908;Gonepteryx amintha formosana;Fruhstorfer, 1908;圓翅鉤粉蝶;紅點粉蝶;
粉蝶科 Pieridae Duponchel, 1832;鉤粉蝶屬 Gonepteryx Leach, 1815;Gonepteryx taiwana Paravicini, 1913 ;Gonepteryx taiwana;Paravicini, 1913 ;台灣鉤粉蝶;小紅點粉蝶;特有種
粉蝶科 Pieridae Duponchel, 1832;黃蝶屬 Eurema Hübner, 1819;Eurema brigitta hainana Moore, 1878;Eurema brigitta hainana;Moore, 1878;星黃蝶;星黃蝶;
粉蝶科 Pieridae Duponchel, 1832;黃蝶屬 Eurema Hübner, 1819;Eurema laeta punctissima Matsumura, 1909;Eurema laeta punctissima;Matsumura, 1909;角翅黃蝶;端黑黃蝶;
粉蝶科 Pieridae Duponchel, 1832;黃蝶屬 Eurema Hübner, 1819;Eurema andersoni godana Fruhstorfer, 1910;Eurema andersoni godana;Fruhstorfer, 1910;淡色黃蝶;淡色黃蝶;
粉蝶科 Pieridae Duponchel, 1832;黃蝶屬 Eurema Hübner, 1819;Eurema hecabe hecabe Linnaeus, 1758;Eurema hecabe hecabe;Linnaeus, 1758;黃蝶;荷氏黃蝶;
粉蝶科 Pieridae Duponchel, 1832;黃蝶屬 Eurema Hübner, 1819;Eurema mandarina de l'Orza, 1869;Eurema mandarina de;l'Orza, 1869;北黃蝶;;
粉蝶科 Pieridae Duponchel, 1832;黃蝶屬 Eurema Hübner, 1819;Eurema alitha esakii Shirôzu, 1953;Eurema alitha esakii;Shirôzu, 1953;島嶼黃蝶;江崎黃蝶;
粉蝶科 Pieridae Duponchel, 1832;黃蝶屬 Eurema Hübner, 1819;Eurema blanda arsakia Fruhstorfer, 1910;Eurema blanda arsakia;Fruhstorfer, 1910;亮色黃蝶;台灣黃蝶;
灰蝶科 Lycaenidae Leach, 1815;蚜灰蝶屬 Taraka Doherty, 1889;Taraka hamada thalaba Fruhstorfer, 1923;Taraka hamada thalaba;Fruhstorfer, 1923;蚜灰蝶;棋石小灰蝶;
灰蝶科 Lycaenidae Leach, 1815;蚜灰蝶屬 Taraka Doherty, 1889;Spalgis epeus dilama Moore, 1878;Spalgis epeus dilama;Moore, 1878;熙灰蝶;白紋黑小灰蝶;
灰蝶科 Lycaenidae Leach, 1815;銀灰蝶屬 Curetis Hübner, 1819;Curetis acuta formosana Fruhstorfer, 1908;Curetis acuta formosana;Fruhstorfer, 1908;銀灰蝶;銀斑小灰蝶;
灰蝶科 Lycaenidae Leach, 1815;銀灰蝶屬 Curetis Hübner, 1819;Curetis brunnea Wileman, 1909 ;Curetis brunnea;Wileman, 1909 ;台灣銀灰蝶;台灣銀斑小灰蝶;特有種
灰蝶科 Lycaenidae Leach, 1815;日灰蝶屬 Heliophorus Geyer, 1832;Heliophorus ila matsumurae Fruhstorfer, 1908;Heliophorus ila matsumurae;Fruhstorfer, 1908;紫日灰蝶;紅邊黃小灰蝶;
灰蝶科 Lycaenidae Leach, 1815;紫灰蝶屬 Arhopala Boisduval, 1832;Arhopala ganesa formosana Kato, 1930;Arhopala ganesa formosana;Kato, 1930;蔚青紫灰蝶;白底青小灰蝶;
灰蝶科 Lycaenidae Leach, 1815;紫灰蝶屬 Arhopala Boisduval, 1832;Arhopala birmana asakurae Matsumura, 1910;Arhopala birmana asakurae;Matsumura, 1910;小紫灰蝶;朝倉小灰蝶;
灰蝶科 Lycaenidae Leach, 1815;紫灰蝶屬 Arhopala Boisduval, 1832;Arhopala japonica Murray, 1875;Arhopala japonica;Murray, 1875;日本紫灰蝶;紫小灰蝶;
灰蝶科 Lycaenidae Leach, 1815;紫灰蝶屬 Arhopala Boisduval, 1832;Arhopala rama Kollar, 1848 ;Arhopala rama;Kollar, 1848 ;短尾紫灰蝶;拉瑪小灰蝶;疑問種
灰蝶科 Lycaenidae Leach, 1815;紫灰蝶屬 Arhopala Boisduval, 1832;Arhopala abseus Hewitson, 1862 ;Arhopala abseus;Hewitson, 1862 ;三尾紫灰蝶;霧社紫小灰蝶;疑問種
灰蝶科 Lycaenidae Leach, 1815;紫灰蝶屬 Arhopala Boisduval, 1832;Arhopala paramuta horishana Matsumura, 1910;Arhopala paramuta horishana;Matsumura, 1910;暗色紫灰蝶;埔里紫小灰蝶;
灰蝶科 Lycaenidae Leach, 1815;紫灰蝶屬 Arhopala Boisduval, 1832;Arhopala bazalus turbata Butler, 1882;Arhopala bazalus turbata;Butler, 1882;燕尾紫灰蝶;紫燕蝶;
灰蝶科 Lycaenidae Leach, 1815;凹翅紫灰蝶屬 Mahathala Moore, 1878;Mahathala ameria hainani Bethune-Baker, 1903;Mahathala ameria hainani;Bethune-Baker, 1903;凹翅紫灰蝶;凹翅紫小灰蝶;
灰蝶科 Lycaenidae Leach, 1815;焰灰蝶屬 Japonica Tutt, 1907;Japonica patungkoanui Murayama, 1956 ;Japonica patungkoanui;Murayama, 1956 ;台灣焰灰蝶;紅小灰蝶;特有種
灰蝶科 Lycaenidae Leach, 1815;赭灰蝶屬 Ussuriana Tutt, 1907;Ussuriana michaelis takarana Araki & Hirayama, 1941;Ussuriana michaelis takarana;Araki & Hirayama, 1941;赭灰蝶;寶島小灰蝶;
灰蝶科 Lycaenidae Leach, 1815;珂灰蝶屬 Cordelia Shirôzu & Yamamoto, 1956;Cordelia comes wilemaniella Matsumura, 1929;Cordelia comes wilemaniella;Matsumura, 1929;珂灰蝶;台灣紅小灰蝶;
灰蝶科 Lycaenidae Leach, 1815;墨點灰蝶屬 Araragi Sibatani & Ito, 1942;Araragi enthea morisonensis M. Inoue, 1942;Araragi enthea morisonensis;M. Inoue, 1942;墨點灰蝶;長尾小灰蝶;
灰蝶科 Lycaenidae Leach, 1815;折線灰蝶屬 Antigius Sibatani & Ito, 1942;Antigius attilia obsoletus Takeuchi, 1929;Antigius attilia obsoletus;Takeuchi, 1929;折線灰蝶;淡清小灰蝶;
灰蝶科 Lycaenidae Leach, 1815;折線灰蝶屬 Antigius Sibatani & Ito, 1942;Antigius jinpingi Hsu, 2009 ;Antigius jinpingi;Hsu, 2009 ;錦平折線灰蝶;;特有種
灰蝶科 Lycaenidae Leach, 1815;線灰蝶屬 Wagimo Sibatani & Ito, 1942;Wagimo insularis Shirôzu, 1957;Wagimo insularis;Shirôzu, 1957;台灣線灰蝶;翅底三線小灰蝶;
灰蝶科 Lycaenidae Leach, 1815;瓏灰蝶屬 Leucantigius Shirôzu & Murayama, 1951;Leucantigius atayalicus Shirôzu & Murayama, 1943;Leucantigius atayalicus;Shirôzu & Murayama, 1943;瓏灰蝶;姬白小灰蝶;
灰蝶科 Lycaenidae Leach, 1815;朗灰蝶屬 Ravenna Shirôzu & Yamamoto, 1956;Ravenna nivea Nire, 1920;Ravenna nivea;Nire, 1920;朗灰蝶;白小灰蝶;
灰蝶科 Lycaenidae Leach, 1815;珠灰蝶屬 Iratsume Sibatani & Ito, 1942;Iratsume orsedice suzukii Sonan, 1940;Iratsume orsedice suzukii;Sonan, 1940;珠灰蝶;黑底小灰蝶;
灰蝶科 Lycaenidae Leach, 1815;鋩灰蝶屬 Euaspa Moore, 1884;Euaspa milionia formosana Nomura, 1931;Euaspa milionia formosana;Nomura, 1931;鋩灰蝶;台灣單帶小灰蝶;
灰蝶科 Lycaenidae Leach, 1815;鋩灰蝶屬 Euaspa Moore, 1884;Euaspa forsteri Esaki & Shirôzu, 1943;Euaspa forsteri;Esaki & Shirôzu, 1943;伏氏鋩灰蝶;伏氏綠小灰蝶;
灰蝶科 Lycaenidae Leach, 1815;鋩灰蝶屬 Euaspa Moore, 1884;Euaspa tayal Esaki & Shirôzu, 1943 ;Euaspa tayal;Esaki & Shirôzu, 1943 ;泰雅鋩灰蝶;泰雅綠小灰蝶;特有種
灰蝶科 Lycaenidae Leach, 1815;鐵灰蝶屬 Teratozephyrus Sibatani, 1946;Teratozephyrus arisanus Wileman, 1909;Teratozephyrus arisanus;Wileman, 1909;阿里山鐵灰蝶;阿里山長尾小灰蝶;
灰蝶科 Lycaenidae Leach, 1815;鐵灰蝶屬 Teratozephyrus Sibatani, 1946;Teratozephyrus yugaii Kano, 1928 ;Teratozephyrus yugaii;Kano, 1928 ;台灣鐵灰蝶;玉山長尾小灰蝶;特有種
灰蝶科 Lycaenidae Leach, 1815;鐵灰蝶屬 Teratozephyrus Sibatani, 1946;Teratozephyrus elatus Hsu & Lu, 2005 ;Teratozephyrus elatus;Hsu & Lu, 2005 ;高山鐵灰蝶;高山鐵灰蝶;特有種
灰蝶科 Lycaenidae Leach, 1815;榿翠灰蝶屬 Neozephyrus Sibatani & Ito, 1942;Neozephyrus taiwanus Wileman, 1908 ;Neozephyrus taiwanus;Wileman, 1908 ;台灣榿翠灰蝶;寬邊綠小灰蝶;特有種
灰蝶科 Lycaenidae Leach, 1815;榿翠灰蝶屬 Neozephyrus Sibatani & Ito, 1942;Neozephyrus japonicus Murray, 1875 ;Neozephyrus japonicus;Murray, 1875 ;日本榿翠灰蝶;日本綠小灰蝶;疑問種
灰蝶科 Lycaenidae Leach, 1815;翠灰蝶屬 Chrysozephyrus Shirôzu & Yamamoto, 1956;Chrysozephyrus esakii Sonan, 1940;Chrysozephyrus esakii;Sonan, 1940;碧翠灰蝶;江崎綠小灰蝶;
灰蝶科 Lycaenidae Leach, 1815;翠灰蝶屬 Chrysozephyrus Shirôzu & Yamamoto, 1956;Chrysozephyrus nishikaze Araki & Sibatani, 1941 ;Chrysozephyrus nishikaze;Araki & Sibatani, 1941 ;西風翠灰蝶;西風綠小灰蝶;特有種
灰蝶科 Lycaenidae Leach, 1815;翠灰蝶屬 Chrysozephyrus Shirôzu & Yamamoto, 1956;Chrysozephyrus kabrua niitakanus Kano, 1928;Chrysozephyrus kabrua niitakanus;Kano, 1928;黃閃翠灰蝶;玉山綠小灰蝶;
灰蝶科 Lycaenidae Leach, 1815;翠灰蝶屬 Chrysozephyrus Shirôzu & Yamamoto, 1956;Chrysozephyrus disparatus pseudotaiwanus Howarth, 1957;Chrysozephyrus disparatus pseudotaiwanus;Howarth, 1957;小翠灰蝶;台灣綠小灰蝶;
灰蝶科 Lycaenidae Leach, 1815;翠灰蝶屬 Chrysozephyrus Shirôzu & Yamamoto, 1956;Chrysozephyrus rarasanus Matsumura, 1939;Chrysozephyrus rarasanus;Matsumura, 1939;拉拉山翠灰蝶;拉拉山綠小灰蝶;
灰蝶科 Lycaenidae Leach, 1815;翠灰蝶屬 Chrysozephyrus Shirôzu & Yamamoto, 1956;Chrysozephyrus mushaellus Matsumura, 1938;Chrysozephyrus mushaellus;Matsumura, 1938;霧社翠灰蝶;霧社綠小灰蝶;
灰蝶科 Lycaenidae Leach, 1815;翠灰蝶屬 Chrysozephyrus Shirôzu & Yamamoto, 1956;Chrysozephyrus yuchingkinus Murayama & Shimonoya, 1965 ;Chrysozephyrus yuchingkinus;Murayama & Shimonoya, 1965 ;清金翠灰蝶;清金綠小灰蝶;特有種
灰蝶科 Lycaenidae Leach, 1815;翠灰蝶屬 Chrysozephyrus Shirôzu & Yamamoto, 1956;Chrysozephyrus splendidulus Murayama & Shimonoya, 1965 ;Chrysozephyrus splendidulus;Murayama & Shimonoya, 1965 ;單線翠灰蝶;單帶綠小灰蝶;特有種
灰蝶科 Lycaenidae Leach, 1815;翠灰蝶屬 Chrysozephyrus Shirôzu & Yamamoto, 1956;Chrysozephyrus ataxus lingi Okano & Okura, 1969;Chrysozephyrus ataxus lingi;Okano & Okura, 1969;白芒翠灰蝶;蓬萊綠小灰蝶;
灰蝶科 Lycaenidae Leach, 1815;璀灰蝶屬 Sibataniozephyrus Inomata, 1986;Sibataniozephyrus kuafui Hsu & Lin, 1994 ;Sibataniozephyrus kuafui;Hsu & Lin, 1994 ;夸父璀灰蝶;夸父綠小灰蝶;特有種
灰蝶科 Lycaenidae Leach, 1815;尖灰蝶屬 Amblopala Leech, 1893;Amblopala avidiena y-fasciata Sonan, 1929;Amblopala avidiena y;y-fasciata Sonan, 1929;尖灰蝶;歪紋小灰蝶;
灰蝶科 Lycaenidae Leach, 1815;青灰蝶屬 Tajuria Moore, 1881;Tajuria caerulea Nire, 1920 ;Tajuria caerulea;Nire, 1920 ;褐翅青灰蝶;褐底青小灰蝶;特有種
灰蝶科 Lycaenidae Leach, 1815;青灰蝶屬 Tajuria Moore, 1881;Tajuria diaeus karenkonis Matsumura, 1929;Tajuria diaeus karenkonis;Matsumura, 1929;白腹青灰蝶;花蓮青小灰蝶;
灰蝶科 Lycaenidae Leach, 1815;青灰蝶屬 Tajuria Moore, 1881;Tajuria illurgis tattaka Araki, 1949;Tajuria illurgis tattaka;Araki, 1949;漣紋青灰蝶;漣紋小灰蝶;
灰蝶科 Lycaenidae Leach, 1815;青灰蝶屬 Tajuria Moore, 1881;Tajuria illurgioides minekoae Morita, 1996 ;Tajuria illurgioides minekoae;Morita, 1996 ;假漣紋青灰蝶;假漣紋小灰蝶;疑問種
灰蝶科 Lycaenidae Leach, 1815;鈿灰蝶屬 Ancema Eliot, 1973;Ancema ctesia cakravasti Fruhstorfer, 1909;Ancema ctesia cakravasti;Fruhstorfer, 1909;鈿灰蝶;黑星琉璃小灰蝶;
灰蝶科 Lycaenidae Leach, 1815;蘭灰蝶屬 Hypolycaena C. & R. Felder, 1862;Hypolycaena kina inari Wileman, 1908;Hypolycaena kina inari;Wileman, 1908;蘭灰蝶;雙尾琉璃小灰蝶;
灰蝶科 Lycaenidae Leach, 1815;蘭灰蝶屬 Hypolycaena C. & R. Felder, 1862;Hypolycaena vanavasa Fruhstorfer, 1909 ;Hypolycaena vanavasa;Fruhstorfer, 1909 ;小蘭灰蝶;姬雙尾琉璃小灰蝶;疑問種
灰蝶科 Lycaenidae Leach, 1815;蘭灰蝶屬 Hypolycaena C. & R. Felder, 1862;Hypolycaena othona Hewitson, 1865;Hypolycaena othona;Hewitson, 1865;熱帶蘭灰蝶;淡褐雙尾琉璃小灰蝶;
灰蝶科 Lycaenidae Leach, 1815;玳灰蝶屬 Deudorix Hewitson, 1863;Deudorix epijarbas menesicles Fruhstorfer, 1912;Deudorix epijarbas menesicles;Fruhstorfer, 1912;玳灰蝶;恆春小灰蝶;
灰蝶科 Lycaenidae Leach, 1815;玳灰蝶屬 Deudorix Hewitson, 1863;Deudorix repercussa sankakuhonis Matsumura, 1938;Deudorix repercussa sankakuhonis;Matsumura, 1938;茶翅玳灰蝶;三角峰小灰蝶;
灰蝶科 Lycaenidae Leach, 1815;玳灰蝶屬 Deudorix Hewitson, 1863;Deudorix rapaloides Naritomi, 1941 ;Deudorix rapaloides;Naritomi, 1941 ;淡黑玳灰蝶;淡黑小灰蝶;特有種
灰蝶科 Lycaenidae Leach, 1815;綠灰蝶屬 Artipe Boisduval, 1870;Artipe eryx horiella Matsumura, 1929;Artipe eryx horiella;Matsumura, 1929;綠灰蝶;綠底小灰蝶;
灰蝶科 Lycaenidae Leach, 1815;閃灰蝶屬 Sinthusa Moore, 1884;Sinthusa chandrana kuyaniana Matsumura, 1919;Sinthusa chandrana kuyaniana;Matsumura, 1919;閃灰蝶;嘉義小灰蝶;
灰蝶科 Lycaenidae Leach, 1815;燕灰蝶屬 Rapala Moore, 1881;Rapala caerulea liliacea Nire, 1920;Rapala caerulea liliacea;Nire, 1920;堇彩燕灰蝶;淡紫小灰蝶;
灰蝶科 Lycaenidae Leach, 1815;燕灰蝶屬 Rapala Moore, 1881;Rapala varuna formosana Fruhstorfer, 1912;Rapala varuna formosana;Fruhstorfer, 1912;燕灰蝶;墾丁小灰蝶;
灰蝶科 Lycaenidae Leach, 1815;燕灰蝶屬 Rapala Moore, 1881;Rapala nissa hirayamana Matsumura, 1926;Rapala nissa hirayamana;Matsumura, 1926;霓彩燕灰蝶;平山小灰蝶;
灰蝶科 Lycaenidae Leach, 1815;燕灰蝶屬 Rapala Moore, 1881;Rapala takasagonis Matsumura, 1929 ;Rapala takasagonis;Matsumura, 1929 ;高砂燕灰蝶;高砂小灰蝶;特有種
灰蝶科 Lycaenidae Leach, 1815;灑灰蝶屬 Satyrium Tutt, 1876;Satyrium formosanum Matsumura, 1910;Satyrium formosanum;Matsumura, 1910;台灣灑灰蝶;蓬萊烏小灰蝶;
灰蝶科 Lycaenidae Leach, 1815;灑灰蝶屬 Satyrium Tutt, 1876;Satyrium eximium mushanum Matsumura, 1929;Satyrium eximium mushanum;Matsumura, 1929;秀灑灰蝶;霧社烏小灰蝶;
灰蝶科 Lycaenidae Leach, 1815;灑灰蝶屬 Satyrium Tutt, 1876;Satyrium tanakai Shirôzu, 1943 ;Satyrium tanakai;Shirôzu, 1943 ;田中灑灰蝶;田中烏小灰蝶;特有種
灰蝶科 Lycaenidae Leach, 1815;灑灰蝶屬 Satyrium Tutt, 1876;Satyrium esakii Shirôzu, 1941 ;Satyrium esakii;Shirôzu, 1941 ;江崎灑灰蝶;江崎烏小灰蝶;特有種
灰蝶科 Lycaenidae Leach, 1815;灑灰蝶屬 Satyrium Tutt, 1876;Satyrium inouei Shirôzu, 1959;Satyrium inouei;Shirôzu, 1959;井上灑灰蝶;井上烏小灰蝶;
灰蝶科 Lycaenidae Leach, 1815;灑灰蝶屬 Satyrium Tutt, 1876;Satyrium austrinum Murayama, 1943;Satyrium austrinum;Murayama, 1943;南方灑灰蝶;白底烏小灰蝶;
灰蝶科 Lycaenidae Leach, 1815;烏灰蝶屬 Fixsenia Tutt, 1907;Fixsenia watarii Matsumura, 1927 ;Fixsenia watarii;Matsumura, 1927 ;渡氏烏灰蝶;渡氏烏小灰蝶;特有種
灰蝶科 Lycaenidae Leach, 1815;鑽灰蝶屬 Horaga Moore, 1881;Horaga onyx moltrechti Matsumura, 1919;Horaga onyx moltrechti;Matsumura, 1919;鑽灰蝶;三尾小灰蝶;
灰蝶科 Lycaenidae Leach, 1815;鑽灰蝶屬 Horaga Moore, 1881;Horaga albimacula triumphalis Murayama & Shibatani, 1943;Horaga albimacula triumphalis;Murayama & Shibatani, 1943;小鑽灰蝶;姬三尾小灰蝶;
灰蝶科 Lycaenidae Leach, 1815;鑽灰蝶屬 Horaga Moore, 1881;Horaga rarasana Sonan, 1936 ;Horaga rarasana;Sonan, 1936 ;拉拉山鑽灰蝶;拉拉山三尾小灰蝶;特有種
灰蝶科 Lycaenidae Leach, 1815;三尾灰蝶屬 Catapaecilma Bulter, 1879;Catapaecilma major moltrechti Wileman, 1908;Catapaecilma major moltrechti;Wileman, 1908;三尾灰蝶;銀帶三尾小灰蝶;
灰蝶科 Lycaenidae Leach, 1815;虎灰蝶屬 Spindasis Wallengren, 1857;Spindasis lohita formosana Moore, 1877;Spindasis lohita formosana;Moore, 1877;虎灰蝶;台灣雙尾燕蝶;
灰蝶科 Lycaenidae Leach, 1815;虎灰蝶屬 Spindasis Wallengren, 1857;Spindasis syama Horsfield, 1829;Spindasis syama;Horsfield, 1829;三斑虎灰蝶;三星雙尾燕蝶;
灰蝶科 Lycaenidae Leach, 1815;虎灰蝶屬 Spindasis Wallengren, 1857;Spindasis kuyaniana Matsumura, 1919 ;Spindasis kuyaniana;Matsumura, 1919 ;蓬萊虎灰蝶;姬雙尾燕蝶;特有種
灰蝶科 Lycaenidae Leach, 1815;黑灰蝶屬 Niphanda Moore, 1875;Niphanda fusca formosensis Matsumura, 1929 ;Niphanda fusca formosensis;Matsumura, 1929 ;黑灰蝶;黑小灰蝶;疑問種
灰蝶科 Lycaenidae Leach, 1815;鋸灰蝶屬 Orthomiella de Nicéville, 1890;Orthomiella rantaizana Wileman, 1910;Orthomiella rantaizana;Wileman, 1910;巒大鋸灰蝶;巒大小灰蝶;
灰蝶科 Lycaenidae Leach, 1815;娜波灰蝶屬 Nacaduba Moore, 1881;Nacaduba kurava therasia Fruhstorfer, 1916;Nacaduba kurava therasia;Fruhstorfer, 1916;大娜波灰蝶;埔里波紋小灰蝶;
灰蝶科 Lycaenidae Leach, 1815;娜波灰蝶屬 Nacaduba Moore, 1881;Nacaduba beroe asakusa Fruhstorfer, 1916;Nacaduba beroe asakusa;Fruhstorfer, 1916;南方娜波灰蝶;南方波紋小灰蝶;
灰蝶科 Lycaenidae Leach, 1815;娜波灰蝶屬 Nacaduba Moore, 1881;Nacaduba berenice leei Hsu, 1990;Nacaduba berenice leei;Hsu, 1990;熱帶娜波灰蝶;熱帶波紋小灰蝶;
灰蝶科 Lycaenidae Leach, 1815;娜波灰蝶屬 Nacaduba Moore, 1881;Nacaduba pactolus hainani Bethune-Baker, 1914;Nacaduba pactolus hainani;Bethune-Baker, 1914;暗色娜波灰蝶;黑波紋小灰蝶;
灰蝶科 Lycaenidae Leach, 1815;波灰蝶屬 Prosotas Durce, 1891;Prosotas nora formosana Fruhstorfer, 1916;Prosotas nora formosana;Fruhstorfer, 1916;波灰蝶;姬波紋小灰蝶;
灰蝶科 Lycaenidae Leach, 1815;波灰蝶屬 Prosotas Durce, 1891;Prosotas dubiosa asbolodes Hsu & Yen, 2006;Prosotas dubiosa asbolodes;Hsu & Yen, 2006;密紋波灰蝶;;
灰蝶科 Lycaenidae Leach, 1815;波灰蝶屬 Prosotas Durce, 1891;Prosotas gracilis gracilis Röber, 1886 ;Prosotas gracilis gracilis;Röber, 1886 ;窄翅波灰蝶;;偶產種
灰蝶科 Lycaenidae Leach, 1815;黑列波灰蝶屬 Nothodanis Hirowatari, 1992;Nothodanis schaeffera Eschscholtz, 1821 ;Nothodanis schaeffera;Eschscholtz, 1821 ;黑列波灰蝶;蘭嶼小灰蝶;偶產種
灰蝶科 Lycaenidae Leach, 1815;曲波灰蝶屬 Catopyrops Toxopeus, 1930;Catopyrops ancyra almora Druce, 1873 ;Catopyrops ancyra almora;Druce, 1873 ;曲波灰蝶;;定居偶產種
灰蝶科 Lycaenidae Leach, 1815;雅波灰蝶屬 Jamides Hübner, 1819;Jamides bochus formosanus Fruhstorfer, 1909;Jamides bochus formosanus;Fruhstorfer, 1909;雅波灰蝶;琉璃波紋小灰蝶;
灰蝶科 Lycaenidae Leach, 1815;雅波灰蝶屬 Jamides Hübner, 1819;Jamides alecto dromicus Fruhstorfer, 1910;Jamides alecto dromicus;Fruhstorfer, 1910;淡青雅波灰蝶;白波紋小灰蝶;
灰蝶科 Lycaenidae Leach, 1815;雅波灰蝶屬 Jamides Hübner, 1819;Jamides celeno celeno Cramer, 1775;Jamides celeno celeno;Cramer, 1775;白雅波灰蝶;小白波紋小灰蝶;
灰蝶科 Lycaenidae Leach, 1815;雅波灰蝶屬 Jamides Hübner, 1819;Jamides cleodus C. & R. Felder, 1865 ;Jamides cleodus;C. & R. Felder, 1865 ;閃雅波灰蝶;湄溪小灰蝶;疑問種
灰蝶科 Lycaenidae Leach, 1815;珈波灰蝶屬 Catochrysops Boisduval, 1832;Catochrysops panormus exiguus Distant, 1886;Catochrysops panormus exiguus;Distant, 1886;青珈波灰蝶;淡青長尾波紋小灰蝶;
灰蝶科 Lycaenidae Leach, 1815;珈波灰蝶屬 Catochrysops Boisduval, 1832;Catochrysops strabo luzonensis Tite, 1959;Catochrysops strabo luzonensis;Tite, 1959;紫珈波灰蝶;紫長尾波紋小灰蝶;
灰蝶科 Lycaenidae Leach, 1815;奇波灰蝶屬 Euchrysops Butler, 1900;Euchrysops cnejus cnejus Fabricius, 1798;Euchrysops cnejus cnejus;Fabricius, 1798;奇波灰蝶;白尾小灰蝶;
灰蝶科 Lycaenidae Leach, 1815;豆波灰蝶屬 Lampides Hübner, 1819;Lampides boeticus Linnaeus, 1767;Lampides boeticus;Linnaeus, 1767;豆波灰蝶;波紋小灰蝶;
灰蝶科 Lycaenidae Leach, 1815;細灰蝶屬 Leptotes Scudder, 1876;Leptotes plinius Fabricius, 1793;Leptotes plinius;Fabricius, 1793;細灰蝶;角紋小灰蝶;
灰蝶科 Lycaenidae Leach, 1815;藍灰蝶屬 Zizeeria Chapman,1910;Zizeeria maha okinawana Matsumura, 1929;Zizeeria maha okinawana;Matsumura, 1929;藍灰蝶;沖繩小灰蝶;
灰蝶科 Lycaenidae Leach, 1815;藍灰蝶屬 Zizeeria Chapman,1910;Zizeeria karsandra Moore, 1865;Zizeeria karsandra;Moore, 1865;莧藍灰蝶;台灣小灰蝶;
灰蝶科 Lycaenidae Leach, 1815;折列藍灰蝶屬 Zizina Chapman, 1910;Zizina otis riukuensis Matsumura, 1929;Zizina otis riukuensis;Matsumura, 1929;折列藍灰蝶;小小灰蝶;
灰蝶科 Lycaenidae Leach, 1815;折列藍灰蝶屬 Zizina Chapman, 1910;Zizina nisa Wallace, 1866 ;Zizina nisa;Wallace, 1866 ;;;疑問種
灰蝶科 Lycaenidae Leach, 1815;單點藍灰蝶屬 Famegana Eliot, 1973;Famegana alsulus taiwana Sonan, 1938;Famegana alsulus taiwana;Sonan, 1938;單點藍灰蝶;黑星姬小灰蝶;
灰蝶科 Lycaenidae Leach, 1815;迷你藍灰蝶屬 Zizula Chapman, 1910;Zizula hylax Fabricius, 1775;Zizula hylax;Fabricius, 1775;迷你藍灰蝶;迷你小灰蝶;
灰蝶科 Lycaenidae Leach, 1815;燕藍灰蝶屬 Everes Hübner, 1819;Everes argiades hellotia Ménétriès, 1857;Everes argiades hellotia;Ménétriès, 1857;燕藍灰蝶;霧社燕小灰蝶;
灰蝶科 Lycaenidae Leach, 1815;燕藍灰蝶屬 Everes Hübner, 1819;Everes lacturnus rileyi  Godfrey, 1916;Everes lacturnus rileyi;Godfrey, 1916;南方燕藍灰蝶;台灣燕小灰蝶;
灰蝶科 Lycaenidae Leach, 1815;玄灰蝶屬 Tongeia Tutt, 1908;Tongeia hainani Bethune-Baker, 1914 ;Tongeia hainani;Bethune-Baker, 1914 ;台灣玄灰蝶;台灣黑燕小灰蝶;特有種
灰蝶科 Lycaenidae Leach, 1815;玄灰蝶屬 Tongeia Tutt, 1908;Tongeia filicaudis mushanus Tanikawa, 1940;Tongeia filicaudis mushanus;Tanikawa, 1940;密點玄灰蝶;霧社黑燕小灰蝶;
灰蝶科 Lycaenidae Leach, 1815;森灰蝶屬 Shijimia Matsumura, 1919;Shijimia moorei taiwana Matsumura, 1919;Shijimia moorei taiwana;Matsumura, 1919;森灰蝶;台灣棋石小灰蝶;
灰蝶科 Lycaenidae Leach, 1815;丸灰蝶屬 Pithecops Horsfield, 1828;Pithecops fulgens urai Bethune-Baker, 1913;Pithecops fulgens urai;Bethune-Baker, 1913;藍丸灰蝶;烏來黑星小灰蝶;
灰蝶科 Lycaenidae Leach, 1815;丸灰蝶屬 Pithecops Horsfield, 1828;Pithecops corvus cornix Cowan, 1966;Pithecops corvus cornix;Cowan, 1966;黑丸灰蝶;琉球黑星小灰蝶;
灰蝶科 Lycaenidae Leach, 1815;黑點灰蝶屬 Neopithecops Distant, 1884;Neopithecops zalmora Butler, 1869;Neopithecops zalmora;Butler, 1869;黑點灰蝶;姬黑星小灰蝶;
灰蝶科 Lycaenidae Leach, 1815;黑星灰蝶屬 Megisba Moore, 1881;Megisba malaya sikkima Moore, 1884;Megisba malaya sikkima;Moore, 1884;黑星灰蝶;台灣黑星小灰蝶;
灰蝶科 Lycaenidae Leach, 1815;嫵琉灰蝶屬 Udara Toxopeus, 1928;Udara dilecta Moore, 1879;Udara dilecta;Moore, 1879;嫵琉灰蝶;達邦琉璃小灰蝶;
灰蝶科 Lycaenidae Leach, 1815;嫵琉灰蝶屬 Udara Toxopeus, 1928;Udara albocaerulea Moore, 1879;Udara albocaerulea;Moore, 1879;白斑嫵琉灰蝶;白斑琉璃小灰蝶;
灰蝶科 Lycaenidae Leach, 1815;靛色琉灰蝶屬 Acytolepis Toxopeus, 1927;Acytolepis puspa myla Fruhstorfer, 1909;Acytolepis puspa myla;Fruhstorfer, 1909;靛色琉灰蝶;台灣琉璃小灰蝶;
灰蝶科 Lycaenidae Leach, 1815;白紋琉灰蝶屬 Celatoxia Eliot & Kawazoé, 1983;Celatoxia marginata de Nicéville, 1884;Celatoxia marginata de;Nicéville, 1884;白紋琉灰蝶;白紋琉璃小灰蝶;
灰蝶科 Lycaenidae Leach, 1815;琉灰蝶屬 Celastrina Tutt, 1906;Celastrina argiolus caphis Fruhstorfer, 1922;Celastrina argiolus caphis;Fruhstorfer, 1922;琉灰蝶;琉璃小灰蝶;
灰蝶科 Lycaenidae Leach, 1815;琉灰蝶屬 Celastrina Tutt, 1906;Celastrina sugitanii shirozui Hsu, 1987;Celastrina sugitanii shirozui;Hsu, 1987;杉谷琉灰蝶;杉谷琉璃小灰蝶;
灰蝶科 Lycaenidae Leach, 1815;琉灰蝶屬 Celastrina Tutt, 1906;Celastrina oreas arisana Matsumura, 1910;Celastrina oreas arisana;Matsumura, 1910;大紫琉灰蝶;阿里山琉璃小灰蝶;
灰蝶科 Lycaenidae Leach, 1815;琉灰蝶屬 Celastrina Tutt, 1906;Celastrina lavendularis himilcon Fruhstorfer, 1909;Celastrina lavendularis himilcon;Fruhstorfer, 1909;細邊琉灰蝶;埔里琉璃小灰蝶;
灰蝶科 Lycaenidae Leach, 1815;寬邊琉灰蝶屬 Callenya Eliot & Kawazoé, 1983;Callenya melaena shonen Esaki, 1932;Callenya melaena shonen;Esaki, 1932;寬邊琉灰蝶;寬邊琉璃小灰蝶;
灰蝶科 Lycaenidae Leach, 1815;雀斑灰蝶屬 Phengaris Doherty, 1891;Phengaris daitozana  Wileman, 1908 ;Phengaris daitozana;Wileman, 1908 ;白雀斑灰蝶;白雀斑小灰蝶;特有種
灰蝶科 Lycaenidae Leach, 1815;雀斑灰蝶屬 Phengaris Doherty, 1891;Phengaris atroguttata formosana Matsumura, 1926;Phengaris atroguttata formosana;Matsumura, 1926;青雀斑灰蝶;淡青雀斑小灰蝶;
灰蝶科 Lycaenidae Leach, 1815;綺灰蝶屬 Chilades Moore, 1881;Chilades lajus koshuensis Matsumura, 1919;Chilades lajus koshuensis;Matsumura, 1919;綺灰蝶;恆春琉璃小灰蝶;
灰蝶科 Lycaenidae Leach, 1815;綺灰蝶屬 Chilades Moore, 1881;Chilades pandava peripatria Hsu, 1989;Chilades pandava peripatria;Hsu, 1989;蘇鐵綺灰蝶;東陞蘇鐵小灰蝶;
灰蝶科 Lycaenidae Leach, 1815;晶灰蝶屬 Freyeria Courvoisier, 1920;Freyeria putli formosanus Matsumura, 1919;Freyeria putli formosanus;Matsumura, 1919;東方晶灰蝶;台灣姬小灰蝶;
灰蝶科 Lycaenidae Leach, 1815;褐蜆蝶屬 Abisara C. & R. Felder, 1860;Abisara burnii etymander Fruhstorfer, 1908;Abisara burnii etymander;Fruhstorfer, 1908;白點褐蜆蝶;阿里山小灰蛺蝶;
灰蝶科 Lycaenidae Leach, 1815;尾蜆蝶屬 Dodona Hewitson, 1861;Dodona eugenes formosana Matsumura, 1919 ;Dodona eugenes formosana;Matsumura, 1919 ;銀紋尾蜆蝶(北亞);台灣小灰蛺蝶;北部
灰蝶科 Lycaenidae Leach, 1815;尾蜆蝶屬 Dodona Hewitson, 1861;Dodona eugenes esakii Shirôzu, 1952 /;Dodona eugenes esakii;Shirôzu, 1952 /;銀紋尾蜆蝶(中南亞);江崎小灰蛺蝶;中南部
蛺蝶科 Nymphalidae Rafinesque, 1815;喙蝶屬 Libythea Fabricius, 1807;Libythea lepita formosana Fruhstorfer, 1908;Libythea lepita formosana;Fruhstorfer, 1908;東方喙蝶;長鬚蝶;
蛺蝶科 Nymphalidae Rafinesque, 1815;喙蝶屬 Libythea Fabricius, 1807;Libythea geoffroy philippina Staudinger, 1889 ;Libythea geoffroy philippina;Staudinger, 1889 ;紫喙蝶;紫長鬚蝶;偶產種
蛺蝶科 Nymphalidae Rafinesque, 1815;斑蝶屬 Danaus Kluk, 1802;Danaus plexippus Linnaeus, 1758 ;Danaus plexippus;Linnaeus, 1758 ;帝王斑蝶;大樺斑蝶;疑似已滅絕
蛺蝶科 Nymphalidae Rafinesque, 1815;斑蝶屬 Danaus Kluk, 1802;Danaus genutia Cramer, 1779;Danaus genutia;Cramer, 1779;虎斑蝶;黑脈樺斑蝶;
蛺蝶科 Nymphalidae Rafinesque, 1815;斑蝶屬 Danaus Kluk, 1802;Danaus melanippus edmondii Bougainville, 1837 ;Danaus melanippus edmondii;Bougainville, 1837 ;白虎斑蝶;黑脈白斑蝶;偶產種
蛺蝶科 Nymphalidae Rafinesque, 1815;斑蝶屬 Danaus Kluk, 1802;Danaus chrysippus Linnaeus, 1758;Danaus chrysippus;Linnaeus, 1758;金斑蝶;樺斑蝶;
蛺蝶科 Nymphalidae Rafinesque, 1815;青斑蝶屬 Tirumala Moore, 1880;Tirumala limniace limniace Cramer, 1775;Tirumala limniace limniace;Cramer, 1775;淡紋青斑蝶;淡小紋青斑蝶;
蛺蝶科 Nymphalidae Rafinesque, 1815;青斑蝶屬 Tirumala Moore, 1880;Tirumala limniace orestilla Fruhstorfer, 1910 ;Tirumala limniace orestilla;Fruhstorfer, 1910 ;淡紋青斑蝶(菲亞);;偶產種
蛺蝶科 Nymphalidae Rafinesque, 1815;青斑蝶屬 Tirumala Moore, 1880;Tirumala septentrionis Butler, 1874;Tirumala septentrionis;Butler, 1874;小紋青斑蝶;小紋青斑蝶;
蛺蝶科 Nymphalidae Rafinesque, 1815;青斑蝶屬 Tirumala Moore, 1880;Tirumala hamata orientalis Semper, 1827 ;Tirumala hamata orientalis;Semper, 1827 ;東方淡紋青斑蝶;東方淡紋青斑蝶;偶產種
蛺蝶科 Nymphalidae Rafinesque, 1815;青斑蝶屬 Tirumala Moore, 1880;Tirumala ishimoides sontinus Fruhstorfer, 1911 ;Tirumala ishimoides sontinus;Fruhstorfer, 1911 ;南島青斑蝶;;偶產種
蛺蝶科 Nymphalidae Rafinesque, 1815;絹斑蝶屬 Parantica Moore, 1880;Parantica aglea maghaba Fruhstorfer, 1909;Parantica aglea maghaba;Fruhstorfer, 1909;絹斑蝶;姬小紋青斑蝶;
蛺蝶科 Nymphalidae Rafinesque, 1815;絹斑蝶屬 Parantica Moore, 1880;Parantica swinhoei Moore, 1883;Parantica swinhoei;Moore, 1883;斯氏絹斑蝶;小青斑蝶;
蛺蝶科 Nymphalidae Rafinesque, 1815;絹斑蝶屬 Parantica Moore, 1880;Parantica sita niphonica Moore, 1883;Parantica sita niphonica;Moore, 1883;大絹斑蝶;青斑蝶;
蛺蝶科 Nymphalidae Rafinesque, 1815;絹斑蝶屬 Parantica Moore, 1880;Parantica luzonensis C. & R. Felder, 1863 ;Parantica luzonensis;C. & R. Felder, 1863 ;呂宋絹斑蝶;呂宋斑蝶;偶產種
蛺蝶科 Nymphalidae Rafinesque, 1815;旖斑蝶屬 Ideopsis Horsfield, 1858;Ideopsis similis Linnaeus, 1758;Ideopsis similis;Linnaeus, 1758;旖斑蝶;琉球青斑蝶;
蛺蝶科 Nymphalidae Rafinesque, 1815;紫斑蝶屬 Euploea Fabricius, 1807;Euploea sylvester swinhoei Wallace & Moore, 1866;Euploea sylvester swinhoei;Wallace & Moore, 1866;雙標紫斑蝶;斯氏紫斑蝶;
蛺蝶科 Nymphalidae Rafinesque, 1815;紫斑蝶屬 Euploea Fabricius, 1807;Euploea sylvester laetifica Butler, 1866 ;Euploea sylvester laetifica;Butler, 1866 ;雙標紫斑蝶(菲亞);;偶產種
蛺蝶科 Nymphalidae Rafinesque, 1815;紫斑蝶屬 Euploea Fabricius, 1807;Euploea mulciber barsine Fruhstorfer, 1904;Euploea mulciber barsine;Fruhstorfer, 1904;異紋紫斑蝶;端紫斑蝶;
蛺蝶科 Nymphalidae Rafinesque, 1815;紫斑蝶屬 Euploea Fabricius, 1807;Euploea phaenareta juvia Fruhstorfer, 1908 ;Euploea phaenareta juvia;Fruhstorfer, 1908 ;大紫斑蝶;大紫斑蝶;疑似已滅絕
蛺蝶科 Nymphalidae Rafinesque, 1815;紫斑蝶屬 Euploea Fabricius, 1807;Euploea eunice hobsoni Butler, 1877;Euploea eunice hobsoni;Butler, 1877;圓翅紫斑蝶;圓翅紫斑蝶;
蛺蝶科 Nymphalidae Rafinesque, 1815;紫斑蝶屬 Euploea Fabricius, 1807;Euploea eunice botelianus Murayama & Shimonoya, 1963 ;Euploea eunice botelianus;Murayama & Shimonoya, 1963 ;圓翅紫斑蝶(蘭亞);;疑問種
蛺蝶科 Nymphalidae Rafinesque, 1815;紫斑蝶屬 Euploea Fabricius, 1807;Euploea eunice kadu Eschscholtz, 1821 ;Euploea eunice kadu;Eschscholtz, 1821 ;圓翅紫斑蝶(菲關亞);;偶產種
蛺蝶科 Nymphalidae Rafinesque, 1815;紫斑蝶屬 Euploea Fabricius, 1807;Euploea tulliolus koxinga Fruhstorfer, 1908;Euploea tulliolus koxinga;Fruhstorfer, 1908;小紫斑蝶;小紫斑蝶;
蛺蝶科 Nymphalidae Rafinesque, 1815;紫斑蝶屬 Euploea Fabricius, 1807;Euploea tulliolus pollita Erichson, 1834 ;Euploea tulliolus pollita;Erichson, 1834 ;小紫斑蝶(菲亞);;偶產種
蛺蝶科 Nymphalidae Rafinesque, 1815;紫斑蝶屬 Euploea Fabricius, 1807;Euploea core amymone Godart, 1819 ;Euploea core amymone;Godart, 1819 ;幻紫斑蝶;柯氏紫斑蝶;偶產種
蛺蝶科 Nymphalidae Rafinesque, 1815;紫斑蝶屬 Euploea Fabricius, 1807;Euploea midamus midamus Linnaeus, 1758 ;Euploea midamus midamus;Linnaeus, 1758 ;藍點紫斑蝶;;偶產種
蛺蝶科 Nymphalidae Rafinesque, 1815;紫斑蝶屬 Euploea Fabricius, 1807;Euploea swainson Godart, 1824 ;Euploea swainson;Godart, 1824 ;菲律賓紫斑蝶;黑岩斑蝶;偶產種
蛺蝶科 Nymphalidae Rafinesque, 1815;紫斑蝶屬 Euploea Fabricius, 1807;Euploea camaralzemam cratis Butler, 1866 ;Euploea camaralzemam cratis;Butler, 1866 ;白列紫斑蝶;白帶斑蝶;偶產種
蛺蝶科 Nymphalidae Rafinesque, 1815;紫斑蝶屬 Euploea Fabricius, 1807;Euploea klugii Moore, 1858 /;Euploea klugii;Moore, 1858 /;緣點紫斑蝶;;偶疑
蛺蝶科 Nymphalidae Rafinesque, 1815;白斑蝶屬 Idea Fabricius, 1807;Idea leuconoe clara Butler, 1867;Idea leuconoe clara;Butler, 1867;大白斑蝶;大白斑蝶;
蛺蝶科 Nymphalidae Rafinesque, 1815;白斑蝶屬 Idea Fabricius, 1807;Idea leuconoe kwashotoensis Sonan, 1928 ;Idea leuconoe kwashotoensis;Sonan, 1928 ;大白斑蝶(綠亞);;綠島
蛺蝶科 Nymphalidae Rafinesque, 1815;珍蝶屬 Acraea Fabricius, 1807;Acraea issoria formosana Fruhstorfer, 1914;Acraea issoria formosana;Fruhstorfer, 1914;苧麻珍蝶;細蝶;
蛺蝶科 Nymphalidae Rafinesque, 1815;豹蛺蝶屬 Argynnis Fabricius, 1807;Argynnis paphia formosicola Matsumura, 1926;Argynnis paphia formosicola;Matsumura, 1926;綠豹蛺蝶;綠豹斑蝶;
蛺蝶科 Nymphalidae Rafinesque, 1815;豹蛺蝶屬 Argynnis Fabricius, 1807;Argynnis tropicalis Röber, 1919 ;Argynnis tropicalis;Röber, 1919 ;熱帶豹蛺蝶;熱帶豹蛺蝶;疑問種
蛺蝶科 Nymphalidae Rafinesque, 1815;斐豹蛺蝶屬 Argyreus Scopoli, 1777;Argyreus hyperbius hyperbius Linnaeus, 1763;Argyreus hyperbius hyperbius;Linnaeus, 1763;斐豹蛺蝶;黑端豹斑蝶;
蛺蝶科 Nymphalidae Rafinesque, 1815;珀豹蛺蝶屬 Boloria Moore, 1900;Boloria pales yangi Hsu & Yen, 1997;Boloria pales yangi;Hsu & Yen, 1997;珀豹蛺蝶;楊氏淺色小豹蛺蝶;
蛺蝶科 Nymphalidae Rafinesque, 1815;琺蛺蝶屬 Phalanta Horsfield, 1829;Phalanta phalantha phalantha Drury, 1773 ;Phalanta phalantha phalantha;Drury, 1773 ;琺蛺蝶;紅擬豹斑蝶;定居偶產種
蛺蝶科 Nymphalidae Rafinesque, 1815;襟蛺蝶屬 Cupha Billberg, 1820;Cupha erymanthis erymanthis Drury, 1773;Cupha erymanthis erymanthis;Drury, 1773;黃襟蛺蝶;台灣黃斑蛺蝶;
蛺蝶科 Nymphalidae Rafinesque, 1815;琥珀蛺蝶屬 Paduca Moore, 1886;Paduca fasciata C. & R. Felder, 1860 ;Paduca fasciata;C. & R. Felder, 1860 ;琥珀蛺蝶;台東黃線蝶;偶產種
蛺蝶科 Nymphalidae Rafinesque, 1815;文蛺蝶屬 Vindula Hemming, 1934;Vindula dejone Erichson, 1834 ;Vindula dejone;Erichson, 1834 ;迪氏文蛺蝶;木生紅蛺蝶;偶產種
蛺蝶科 Nymphalidae Rafinesque, 1815;眼蛺蝶屬 Junonia Hübner, 1819;Junonia almana almana Linnaeus, 1758;Junonia almana almana;Linnaeus, 1758;眼蛺蝶;孔雀蛺蝶;
蛺蝶科 Nymphalidae Rafinesque, 1815;眼蛺蝶屬 Junonia Hübner, 1819;Junonia lemonias aenaria Fruhstorfer, 1912;Junonia lemonias aenaria;Fruhstorfer, 1912;鱗紋眼蛺蝶;眼紋擬蛺蝶;
蛺蝶科 Nymphalidae Rafinesque, 1815;眼蛺蝶屬 Junonia Hübner, 1819;Junonia orithya orithya Linnaeus, 1758;Junonia orithya orithya;Linnaeus, 1758;青眼蛺蝶;孔雀青蛺蝶;
蛺蝶科 Nymphalidae Rafinesque, 1815;眼蛺蝶屬 Junonia Hübner, 1819;Junonia iphita iphita Cramer, 1779;Junonia iphita iphita;Cramer, 1779;黯眼蛺蝶;黑擬蛺蝶;
蛺蝶科 Nymphalidae Rafinesque, 1815;眼蛺蝶屬 Junonia Hübner, 1819;Junonia hedonia ida Cramer, 1776 ;Junonia hedonia ida;Cramer, 1776 ;南洋眼蛺蝶;岩崎擬蛺蝶;偶產種
蛺蝶科 Nymphalidae Rafinesque, 1815;眼蛺蝶屬 Junonia Hübner, 1819;Junonia atlites atlites Linnaeus, 1763 ?;Junonia atlites atlites;Linnaeus, 1763 ?;波紋眼蛺蝶;波紋眼蛺蝶;定居偶產種
蛺蝶科 Nymphalidae Rafinesque, 1815;枯葉蝶屬 Kallima Doubleday, 1849;Kallima inachus formosana Fruhstorfer, 1912;Kallima inachus formosana;Fruhstorfer, 1912;枯葉蝶;枯葉蝶;
蛺蝶科 Nymphalidae Rafinesque, 1815;隱蛺蝶屬 Yoma Doherty, 1886;Yoma sabina podium Tsukada, 1985;Yoma sabina podium;Tsukada, 1985;黃帶隱蛺蝶;黃帶枯葉蝶;
蛺蝶科 Nymphalidae Rafinesque, 1815;蠹葉蝶屬 Doleschallia C. & R. Felder, 1860;Doleschallia bisaltide philippensis Fruhstorfer, 1899 ;Doleschallia bisaltide philippensis;Fruhstorfer, 1899 ;蠹葉蝶;恆春枯葉蝶;偶產種
蛺蝶科 Nymphalidae Rafinesque, 1815;紅蛺蝶屬 Vanessa Fabricius, 1807;Vanessa indica indica Herbst, 1794;Vanessa indica indica;Herbst, 1794;大紅蛺蝶;紅蛺蝶;
蛺蝶科 Nymphalidae Rafinesque, 1815;紅蛺蝶屬 Vanessa Fabricius, 1807;Vanessa cardui cardui Linnaeus, 1758;Vanessa cardui cardui;Linnaeus, 1758;小紅蛺蝶;姬紅蛺蝶;
蛺蝶科 Nymphalidae Rafinesque, 1815;鉤蛺蝶屬 Polygonia Hübner, 1819;Polygonia c-album asakurai Nakahara, 1920;Polygonia c;Polygonia c-album asakurai Nakahara, 1920;突尾鉤蛺蝶;白鐮紋蛺蝶;
蛺蝶科 Nymphalidae Rafinesque, 1815;鉤蛺蝶屬 Polygonia Hübner, 1819;Polygonia c-aureum lunulata Esaki & Nakahara, 1924;Polygonia c;Polygonia c-aureum lunulata Esaki & Nakahara, 1924;黃鉤蛺蝶;黃蛺蝶;
蛺蝶科 Nymphalidae Rafinesque, 1815;琉璃蛺蝶屬 Kaniska Moore, 1899;Kaniska canace drilon Fruhstorfer, 1908;Kaniska canace drilon;Fruhstorfer, 1908;琉璃蛺蝶;琉璃蛺蝶;
蛺蝶科 Nymphalidae Rafinesque, 1815;蛺蝶屬 Nymphalis Kluk, 1802;Nymphalis xanthomelas formosana Matsumura, 1925;Nymphalis xanthomelas formosana;Matsumura, 1925;緋蛺蝶;緋蛺蝶;
蛺蝶科 Nymphalidae Rafinesque, 1815;盛蛺蝶屬 Symbrenthia Hübner, 1819;Symbrenthia lilaea formosanus Fruhstorfer, 1908;Symbrenthia lilaea formosanus;Fruhstorfer, 1908;散紋盛蛺蝶;黃三線蝶;
蛺蝶科 Nymphalidae Rafinesque, 1815;盛蛺蝶屬 Symbrenthia Hübner, 1819;Symbrenthia hypselis scatinia Fruhstorfer, 1908;Symbrenthia hypselis scatinia;Fruhstorfer, 1908;花豹盛蛺蝶;姬黃三線蝶;
蛺蝶科 Nymphalidae Rafinesque, 1815;幻蛺蝶屬 Hypolimnas Hübner, 1819;Hypolimnas misippus misippus Linnaeus, 1764;Hypolimnas misippus misippus;Linnaeus, 1764;雌擬幻蛺蝶;雌紅紫蛺蝶;
蛺蝶科 Nymphalidae Rafinesque, 1815;幻蛺蝶屬 Hypolimnas Hübner, 1819;Hypolimnas bolina kezia Butler, 1878;Hypolimnas bolina kezia;Butler, 1878;幻蛺蝶;琉球紫蛺蝶;
蛺蝶科 Nymphalidae Rafinesque, 1815;幻蛺蝶屬 Hypolimnas Hübner, 1819;Hypolimnas bolina jacintha Drury, 1773 ;Hypolimnas bolina jacintha;Drury, 1773 ;幻蛺蝶(大亞);;定居偶產種
蛺蝶科 Nymphalidae Rafinesque, 1815;幻蛺蝶屬 Hypolimnas Hübner, 1819;Hypolimnas anomala anomala Wallace, 1869 ;Hypolimnas anomala anomala;Wallace, 1869 ;端紫幻蛺蝶;八重山紫蛺蝶;定居偶產種
蛺蝶科 Nymphalidae Rafinesque, 1815;波蛺蝶屬 Ariadne Horsfield, 1829;Ariadne ariadne pallidior Fruhstorfer, 1899;Ariadne ariadne pallidior;Fruhstorfer, 1899;波蛺蝶;樺蛺蝶;
蛺蝶科 Nymphalidae Rafinesque, 1815;環蛺蝶屬 Neptis Fabricius, 1807;Neptis hylas luculenta Fruhstorfer, 1898;Neptis hylas luculenta;Fruhstorfer, 1898;豆環蛺蝶;琉球三線蝶;
蛺蝶科 Nymphalidae Rafinesque, 1815;環蛺蝶屬 Neptis Fabricius, 1807;Neptis sappho formosana Fruhstorfer, 1908;Neptis sappho formosana;Fruhstorfer, 1908;小環蛺蝶;小三線蝶;
蛺蝶科 Nymphalidae Rafinesque, 1815;環蛺蝶屬 Neptis Fabricius, 1807;Neptis soma tayalina Murayama & Shimonoya, 1968;Neptis soma tayalina;Murayama & Shimonoya, 1968;斷線環蛺蝶;泰雅三線蝶;
蛺蝶科 Nymphalidae Rafinesque, 1815;環蛺蝶屬 Neptis Fabricius, 1807;Neptis nata lutatia Fruhstorfer, 1913;Neptis nata lutatia;Fruhstorfer, 1913;細帶環蛺蝶;台灣三線蝶;
蛺蝶科 Nymphalidae Rafinesque, 1815;環蛺蝶屬 Neptis Fabricius, 1807;Neptis reducta Fruhstorfer, 1908 ;Neptis reducta;Fruhstorfer, 1908 ;無邊環蛺蝶;寬紋三線蝶;特有種
蛺蝶科 Nymphalidae Rafinesque, 1815;環蛺蝶屬 Neptis Fabricius, 1807;Neptis taiwana Fruhstorfer, 1908 ;Neptis taiwana;Fruhstorfer, 1908 ;蓬萊環蛺蝶;埔里三線蝶;特有種
蛺蝶科 Nymphalidae Rafinesque, 1815;環蛺蝶屬 Neptis Fabricius, 1807;Neptis noyala ikedai Shirôzu, 1952;Neptis noyala ikedai;Shirôzu, 1952;流紋環蛺蝶;池田三線蝶;
蛺蝶科 Nymphalidae Rafinesque, 1815;環蛺蝶屬 Neptis Fabricius, 1807;Neptis sankara shirakiana Matsumura, 1929;Neptis sankara shirakiana;Matsumura, 1929;眉紋環蛺蝶;素木三線蝶;
蛺蝶科 Nymphalidae Rafinesque, 1815;環蛺蝶屬 Neptis Fabricius, 1807;Neptis sylvana esakii Nomura, 1935;Neptis sylvana esakii;Nomura, 1935;深山環蛺蝶;江崎三線蝶;
蛺蝶科 Nymphalidae Rafinesque, 1815;環蛺蝶屬 Neptis Fabricius, 1807;Neptis hesione podarces Nire, 1920;Neptis hesione podarces;Nire, 1920;蓮花環蛺蝶;花蓮三線蝶;
蛺蝶科 Nymphalidae Rafinesque, 1815;環蛺蝶屬 Neptis Fabricius, 1807;Neptis philyra splendens Murayama , 1941;Neptis philyra splendens;Murayama , 1941;槭環蛺蝶;三線蝶;
蛺蝶科 Nymphalidae Rafinesque, 1815;環蛺蝶屬 Neptis Fabricius, 1807;Neptis philyroides sonani Murayama , 1941;Neptis philyroides sonani;Murayama , 1941;鑲紋環蛺蝶;楚南三線蝶;
蛺蝶科 Nymphalidae Rafinesque, 1815;環蛺蝶屬 Neptis Fabricius, 1807;Neptis ilos nirei Nomura, 1935;Neptis ilos nirei;Nomura, 1935;奇環蛺蝶;黃斑三線蝶;
蛺蝶科 Nymphalidae Rafinesque, 1815;環蛺蝶屬 Neptis Fabricius, 1807;Neptis thisbe Ménétriès, 1859 ;Neptis thisbe;Ménétriès, 1859 ;提環蛺蝶;大黃色三線蝶;疑問種
蛺蝶科 Nymphalidae Rafinesque, 1815;環蛺蝶屬 Neptis Fabricius, 1807;Neptis pryeri jucundita Fruhstorfer, 1908;Neptis pryeri jucundita;Fruhstorfer, 1908;黑星環蛺蝶;星三線蝶;
蛺蝶科 Nymphalidae Rafinesque, 1815;環蛺蝶屬 Neptis Fabricius, 1807;Neptis rivularis formosicola Matsumura, 1929 ;Neptis rivularis formosicola;Matsumura, 1929 ;單環蛺蝶;二線蝶;疑問種
蛺蝶科 Nymphalidae Rafinesque, 1815;金環蛺蝶屬 Pantoporia Hübner, 1819;Pantoporia hordonia rihodona Moore, 1878;Pantoporia hordonia rihodona;Moore, 1878;金環蛺蝶;金三線蝶;
蛺蝶科 Nymphalidae Rafinesque, 1815;線蛺蝶屬 Limenitis Fabricius, 1807;Limenitis sulpitia tricula Fruhstorfer, 1908;Limenitis sulpitia tricula;Fruhstorfer, 1908;殘眉線蛺蝶;台灣星三線蝶;
蛺蝶科 Nymphalidae Rafinesque, 1815;線蛺蝶屬 Limenitis Fabricius, 1807;Limenitis glorifica Fruhstorfer, 1909 /;Limenitis glorifica;Fruhstorfer, 1909 /;日本線蛺蝶;北投一文字蝶;偶疑
蛺蝶科 Nymphalidae Rafinesque, 1815;帶蛺蝶屬 Athyma Westwood, 1850;Athyma perius perius Linnaeus, 1758;Athyma perius perius;Linnaeus, 1758;玄珠帶蛺蝶;白三線蝶;
蛺蝶科 Nymphalidae Rafinesque, 1815;帶蛺蝶屬 Athyma Westwood, 1850;Athyma opalina hirayamai Matsumura, 1935;Athyma opalina hirayamai;Matsumura, 1935;流帶蛺蝶;平山三線蝶;
蛺蝶科 Nymphalidae Rafinesque, 1815;帶蛺蝶屬 Athyma Westwood, 1850;Athyma asura baelia Fruhstorfer, 1908;Athyma asura baelia;Fruhstorfer, 1908;白圈帶蛺蝶;白圈三線蝶;
蛺蝶科 Nymphalidae Rafinesque, 1815;帶蛺蝶屬 Athyma Westwood, 1850;Athyma jina sauteri Fruhstorfer, 1912;Athyma jina sauteri;Fruhstorfer, 1912;寬帶蛺蝶;寬帶三線蝶;
蛺蝶科 Nymphalidae Rafinesque, 1815;帶蛺蝶屬 Athyma Westwood, 1850;Athyma fortuna kodahirai Sonan, 1938;Athyma fortuna kodahirai;Sonan, 1938;幻紫帶蛺蝶;拉拉山三線蝶;
蛺蝶科 Nymphalidae Rafinesque, 1815;帶蛺蝶屬 Athyma Westwood, 1850;Athyma selenophora laela Fruhstorfer, 1908;Athyma selenophora laela;Fruhstorfer, 1908;異紋帶蛺蝶;單帶蛺蝶;
蛺蝶科 Nymphalidae Rafinesque, 1815;帶蛺蝶屬 Athyma Westwood, 1850;Athyma cama zoroastes Butler, 1877;Athyma cama zoroastes;Butler, 1877;雙色帶蛺蝶;台灣單帶蛺蝶;
蛺蝶科 Nymphalidae Rafinesque, 1815;俳蛺蝶屬 Parasarpa Moore, 1898;Parasarpa dudu jinamitra Fruhstorfer, 1908;Parasarpa dudu jinamitra;Fruhstorfer, 1908;紫俳蛺蝶;紫單帶蛺蝶;
蛺蝶科 Nymphalidae Rafinesque, 1815;瑙蛺蝶屬 Abrota Moore, 1857;Abrota ganga formosana Fruhstorfer, 1908;Abrota ganga formosana;Fruhstorfer, 1908;瑙蛺蝶;雄紅三線蝶;
蛺蝶科 Nymphalidae Rafinesque, 1815;翠蛺蝶屬 Euthalia Hübner, 1819;Euthalia irrubescens fulguralis Matsumura, 1909;Euthalia irrubescens fulguralis;Matsumura, 1909;紅玉翠蛺蝶;閃電蝶;
蛺蝶科 Nymphalidae Rafinesque, 1815;翠蛺蝶屬 Euthalia Hübner, 1819;Euthalia hebe kosempona Fruhstorfer, 1908;Euthalia hebe kosempona;Fruhstorfer, 1908;連珠翠蛺蝶;甲仙綠蛺蝶;
蛺蝶科 Nymphalidae Rafinesque, 1815;翠蛺蝶屬 Euthalia Hübner, 1819;Euthalia malapana Shirôzu & Chung, 1958 ;Euthalia malapana;Shirôzu & Chung, 1958 ;馬拉巴翠蛺蝶;仁愛綠蛺蝶;特有種
蛺蝶科 Nymphalidae Rafinesque, 1815;翠蛺蝶屬 Euthalia Hübner, 1819;Euthalia formosana Fruhstorfer, 1908 ;Euthalia formosana;Fruhstorfer, 1908 ;台灣翠蛺蝶;台灣綠蛺蝶;特有種
蛺蝶科 Nymphalidae Rafinesque, 1815;翠蛺蝶屬 Euthalia Hübner, 1819;Euthalia insulae Hall, 1930;Euthalia insulae;Hall, 1930;窄帶翠蛺蝶;;
蛺蝶科 Nymphalidae Rafinesque, 1815;麗蛺蝶屬 Parthenos Hübner, 1819;Parthenos sylvia philippinesis Fruhstorfer, 1898 ;Parthenos sylvia philippinesis;Fruhstorfer, 1898 ;麗蛺蝶;麗蛺蝶;疑問種
蛺蝶科 Nymphalidae Rafinesque, 1815;絲蛺蝶屬 Cyrestis Boisduval, 1831;Cyrestis thyodamas formosana Fruhstorfer, 1898;Cyrestis thyodamas formosana;Fruhstorfer, 1898;網絲蛺蝶;石墻蝶;
蛺蝶科 Nymphalidae Rafinesque, 1815;流星蛺蝶屬 Dichorragia Butler, 1869;Dichorragia nesimachus formosanus Fruhstorfer, 1898;Dichorragia nesimachus formosanus;Fruhstorfer, 1898;流星蛺蝶;流星蛺蝶;
蛺蝶科 Nymphalidae Rafinesque, 1815;絹蛺蝶屬 Calinaga Moore, 1857;Calinaga buddha formosana Fruhstorfer, 1908;Calinaga buddha formosana;Fruhstorfer, 1908;絹蛺蝶;黃頸蛺蝶;
蛺蝶科 Nymphalidae Rafinesque, 1815;閃蛺蝶屬 Apatura Fabricius, 1807;Apatura metis nikosia Fruhstorfer, 1913 ;Apatura metis nikosia;Fruhstorfer, 1913 ;細帶閃蛺蝶;細帶閃蛺蝶;疑問種
蛺蝶科 Nymphalidae Rafinesque, 1815;貓蛺蝶屬 Timelaea Lucas, 1883;Timelaea albescens formosana Fruhstorfer, 1908;Timelaea albescens formosana;Fruhstorfer, 1908;白裳貓蛺蝶;豹紋蝶;
蛺蝶科 Nymphalidae Rafinesque, 1815;鎧蛺蝶屬 Chitoria Moore, 1896;Chitoria chrysolora Fruhstorfer, 1908 ;Chitoria chrysolora;Fruhstorfer, 1908 ;金鎧蛺蝶;台灣小紫蛺蝶;特有種
蛺蝶科 Nymphalidae Rafinesque, 1815;鎧蛺蝶屬 Chitoria Moore, 1896;Chitoria ulupi arakii Naritomi, 1959;Chitoria ulupi arakii;Naritomi, 1959;武鎧蛺蝶;蓬萊小紫蛺蝶;
蛺蝶科 Nymphalidae Rafinesque, 1815;白蛺蝶屬 Helcyra C. Felder, 1860;Helcyra plesseni Fruhstorfer, 1913 ;Helcyra plesseni;Fruhstorfer, 1913 ;普氏白蛺蝶;國姓小紫蛺蝶;特有種
蛺蝶科 Nymphalidae Rafinesque, 1815;白蛺蝶屬 Helcyra C. Felder, 1860;Helcyra superba takamukui Matsumura, 1919;Helcyra superba takamukui;Matsumura, 1919;白蛺蝶;白蛺蝶;
蛺蝶科 Nymphalidae Rafinesque, 1815;燦蛺蝶屬 Sephisa Moore, 1882;Sephisa chandra androdamas Fruhstorfer, 1908;Sephisa chandra androdamas;Fruhstorfer, 1908;燦蛺蝶;黃斑蛺蝶;
蛺蝶科 Nymphalidae Rafinesque, 1815;燦蛺蝶屬 Sephisa Moore, 1882;Sephisa daimio Matsumura, 1910 ;Sephisa daimio;Matsumura, 1910 ;台灣燦蛺蝶;白裙黃斑蛺蝶;特有種
蛺蝶科 Nymphalidae Rafinesque, 1815;脈蛺蝶屬 Hestina Westwood, 1850;Hestina assimilis formosana Moore, 1895;Hestina assimilis formosana;Moore, 1895;紅斑脈蛺蝶;紅星斑蛺蝶;
蛺蝶科 Nymphalidae Rafinesque, 1815;脈蛺蝶屬 Hestina Westwood, 1850;Hestina japonica manja Fruhstorfer, 1913 ;Hestina japonica manja;Fruhstorfer, 1913 ;小脈蛺蝶;小脈蛺蝶;疑問種
蛺蝶科 Nymphalidae Rafinesque, 1815;紫蛺蝶屬 Sasakia Moore, 1896;Sasakia charonda formosana Shirôzu, 1963;Sasakia charonda formosana;Shirôzu, 1963;大紫蛺蝶;大紫蛺蝶;
蛺蝶科 Nymphalidae Rafinesque, 1815;尾蛺蝶屬 Polyura Billberg, 1820;Polyura eudamippus formosana Rothschild, 1899;Polyura eudamippus formosana;Rothschild, 1899;雙尾蛺蝶;雙尾蝶;
蛺蝶科 Nymphalidae Rafinesque, 1815;尾蛺蝶屬 Polyura Billberg, 1820;Polyura narcaea meghaduta Fruhstorfer, 1908;Polyura narcaea meghaduta;Fruhstorfer, 1908;小雙尾蛺蝶;姬雙尾蝶;
蛺蝶科 Nymphalidae Rafinesque, 1815;箭環蝶屬 Stichophthalma C. & R. Felder, 1862;Stichophthalma howqua formosana Fruhstorfer, 1908;Stichophthalma howqua formosana;Fruhstorfer, 1908;箭環蝶;環紋蝶;
蛺蝶科 Nymphalidae Rafinesque, 1815;串珠環蝶屬 Faunis Hübner, 1819;Faunis eumeus eumeus Drury, 1773 ;Faunis eumeus eumeus;Drury, 1773 ;串珠環蝶;串珠環蝶;定居偶產種
蛺蝶科 Nymphalidae Rafinesque, 1815;方環蝶屬 Discophora Boisduval, 1836;Discophora sondaica tulliana Stichel, 1905 ;Discophora sondaica tulliana;Stichel, 1905 ;方環蝶;鳳眼方環蝶;定居偶產種
蛺蝶科 Nymphalidae Rafinesque, 1815;波眼蝶屬 Ypthima Hübner, 1818;Ypthima baldus zodina Fruhstorfer, 1911;Ypthima baldus zodina;Fruhstorfer, 1911;小波眼蝶;小波紋蛇目蝶;
蛺蝶科 Nymphalidae Rafinesque, 1815;波眼蝶屬 Ypthima Hübner, 1818;Ypthima okurai Okano, 1962 ;Ypthima okurai;Okano, 1962 ;大藏波眼蝶;大藏波紋蛇目蝶;特有種
蛺蝶科 Nymphalidae Rafinesque, 1815;波眼蝶屬 Ypthima Hübner, 1818;Ypthima tappana Matsumura, 1909;Ypthima tappana;Matsumura, 1909;達邦波眼蝶;達邦波紋蛇目蝶;
蛺蝶科 Nymphalidae Rafinesque, 1815;波眼蝶屬 Ypthima Hübner, 1818;Ypthima formosana Fruhstorfer, 1908 ;Ypthima formosana;Fruhstorfer, 1908 ;寶島波眼蝶;大波紋蛇目蝶;特有種
蛺蝶科 Nymphalidae Rafinesque, 1815;波眼蝶屬 Ypthima Hübner, 1818;Ypthima conjuncta yamanakai Sonan, 1938;Ypthima conjuncta yamanakai;Sonan, 1938;白漪波眼蝶;山中波紋蛇目蝶;
蛺蝶科 Nymphalidae Rafinesque, 1815;波眼蝶屬 Ypthima Hübner, 1818;Ypthima angustipennis Takahashi, 2000 ;Ypthima angustipennis;Takahashi, 2000 ;狹翅波眼蝶;狹翅波紋蛇目蝶;特有種
蛺蝶科 Nymphalidae Rafinesque, 1815;波眼蝶屬 Ypthima Hübner, 1818;Ypthima multistriata Butler, 1883;Ypthima multistriata;Butler, 1883;密紋波眼蝶;台灣波紋蛇目蝶;
蛺蝶科 Nymphalidae Rafinesque, 1815;波眼蝶屬 Ypthima Hübner, 1818;Ypthima esakii Shirôzu, 1960 ;Ypthima esakii;Shirôzu, 1960 ;江崎波眼蝶;江崎波紋蛇目蝶;特有種
蛺蝶科 Nymphalidae Rafinesque, 1815;波眼蝶屬 Ypthima Hübner, 1818;Ypthima akragas Fruhstorfer, 1911;Ypthima akragas;Fruhstorfer, 1911;白帶波眼蝶;台灣小波紋蛇目蝶;
蛺蝶科 Nymphalidae Rafinesque, 1815;波眼蝶屬 Ypthima Hübner, 1818;Ypthima wangi Lee, 1998 ;Ypthima wangi;Lee, 1998 ;王氏波眼蝶;王氏波紋蛇目蝶;特有種
蛺蝶科 Nymphalidae Rafinesque, 1815;波眼蝶屬 Ypthima Hübner, 1818;Ypthima praenubila kanonis Matsumura, 1929 ;Ypthima praenubila kanonis;Matsumura, 1929 ;巨波眼蝶(北亞);鹿野波紋蛇目蝶;北台灣
蛺蝶科 Nymphalidae Rafinesque, 1815;波眼蝶屬 Ypthima Hübner, 1818;Ypthima praenubila neobilia Murayama , 1980 ;Ypthima praenubila neobilia;Murayama , 1980 ;巨波眼蝶(中亞);鹿野波紋蛇目蝶;中台灣
蛺蝶科 Nymphalidae Rafinesque, 1815;波眼蝶屬 Ypthima Hübner, 1818;Ypthima norma posticalis Matsumura, 1909;Ypthima norma posticalis;Matsumura, 1909;罕波眼蝶;無紋波紋蛇目蝶;
蛺蝶科 Nymphalidae Rafinesque, 1815;波眼蝶屬 Ypthima Hübner, 1818;Ypthima wenlungi Takahashi, 2007 ;Ypthima wenlungi;Takahashi, 2007 ;文龍波眼蝶;;特有種
蛺蝶科 Nymphalidae Rafinesque, 1815;古眼蝶屬 Palaeonympha Butler, 1871;Palaeonympha opalina macrophthalmia Fruhstorfer, 1911;Palaeonympha opalina macrophthalmia;Fruhstorfer, 1911;古眼蝶;銀蛇目蝶;
蛺蝶科 Nymphalidae Rafinesque, 1815;幽眼蝶屬 Zophoessa Doubleday, 1849;Zophoessa dura neoclides Fruhstorfer, 1909;Zophoessa dura neoclides;Fruhstorfer, 1909;大幽眼蝶;白尾黑蔭蝶;
蛺蝶科 Nymphalidae Rafinesque, 1815;幽眼蝶屬 Zophoessa Doubleday, 1849;Zophoessa siderea kanoi Esaki & Nomura, 1937;Zophoessa siderea kanoi;Esaki & Nomura, 1937;圓翅幽眼蝶;鹿野黑蔭蝶;
蛺蝶科 Nymphalidae Rafinesque, 1815;幽眼蝶屬 Zophoessa Doubleday, 1849;Zophoessa niitakana Matsumura, 1906 ;Zophoessa niitakana;Matsumura, 1906 ;玉山幽眼蝶;玉山蔭蝶;特有種
蛺蝶科 Nymphalidae Rafinesque, 1815;黛眼蝶屬 Lethe Hübner, 1819;Lethe europa pavida Fruhstorfer, 1908;Lethe europa pavida;Fruhstorfer, 1908;長紋黛眼蝶;玉帶蔭蝶;
蛺蝶科 Nymphalidae Rafinesque, 1815;黛眼蝶屬 Lethe Hübner, 1819;Lethe rohria daemoniaca Fruhstorfer, 1908;Lethe rohria daemoniaca;Fruhstorfer, 1908;波紋黛眼蝶;波紋玉帶蔭蝶;
蛺蝶科 Nymphalidae Rafinesque, 1815;黛眼蝶屬 Lethe Hübner, 1819;Lethe verma cintamani Fruhstorfer, 1909;Lethe verma cintamani;Fruhstorfer, 1909;玉帶黛眼蝶;玉帶黑蔭蝶;
蛺蝶科 Nymphalidae Rafinesque, 1815;黛眼蝶屬 Lethe Hübner, 1819;Lethe confusa Aurivillius, 1898 ;Lethe confusa;Aurivillius, 1898 ;白帶黛眼蝶;白帶蝶;疑問種
蛺蝶科 Nymphalidae Rafinesque, 1815;黛眼蝶屬 Lethe Hübner, 1819;Lethe insana formosana Fruhstorfer, 1908;Lethe insana formosana;Fruhstorfer, 1908;深山黛眼蝶;深山玉帶蔭蝶;
蛺蝶科 Nymphalidae Rafinesque, 1815;黛眼蝶屬 Lethe Hübner, 1819;Lethe bojonia Fruhstorfer, 1913;Lethe bojonia;Fruhstorfer, 1913;大深山黛眼蝶;波氏蔭蝶;
蛺蝶科 Nymphalidae Rafinesque, 1815;黛眼蝶屬 Lethe Hübner, 1819;Lethe chandica ratnacri Fruhstorfer, 1908;Lethe chandica ratnacri;Fruhstorfer, 1908;曲紋黛眼蝶;雌褐蔭蝶;
蛺蝶科 Nymphalidae Rafinesque, 1815;黛眼蝶屬 Lethe Hübner, 1819;Lethe mataja Fruhstorfer, 1908;Lethe mataja;Fruhstorfer, 1908;台灣黛眼蝶;大玉帶黑蔭蝶;
蛺蝶科 Nymphalidae Rafinesque, 1815;黛眼蝶屬 Lethe Hübner, 1819;Lethe christophi hanako Fruhstorfer, 1908;Lethe christophi hanako;Fruhstorfer, 1908;柯氏黛眼蝶;深山蔭蝶;
蛺蝶科 Nymphalidae Rafinesque, 1815;黛眼蝶屬 Lethe Hübner, 1819;Lethe diana australis Naritomi, 1942;Lethe diana australis;Naritomi, 1942;月神黛眼蝶;黑蔭蝶;
蛺蝶科 Nymphalidae Rafinesque, 1815;黛眼蝶屬 Lethe Hübner, 1819;Lethe butleri periscelis Fruhstorfer, 1908;Lethe butleri periscelis;Fruhstorfer, 1908;巴氏黛眼蝶;台灣黑蔭蝶;
蛺蝶科 Nymphalidae Rafinesque, 1815;黛眼蝶屬 Lethe Hübner, 1819;Lethe gemina zaitha Fruhstorfer, 1914;Lethe gemina zaitha;Fruhstorfer, 1914;孿斑黛眼蝶;阿里山褐蔭蝶;
蛺蝶科 Nymphalidae Rafinesque, 1815;蔭眼蝶屬 Neope Moore, 1866;Neope pulaha didia Fruhstorfer, 1911;Neope pulaha didia;Fruhstorfer, 1911;黃斑蔭眼蝶;阿里山黃斑蔭蝶;
蛺蝶科 Nymphalidae Rafinesque, 1815;蔭眼蝶屬 Neope Moore, 1866;Neope bremeri taiwana Matsumura, 1919;Neope bremeri taiwana;Matsumura, 1919;布氏蔭眼蝶;台灣黃斑蔭蝶;
蛺蝶科 Nymphalidae Rafinesque, 1815;蔭眼蝶屬 Neope Moore, 1866;Neope armandii lacticolora Fruhstorfer, 1908;Neope armandii lacticolora;Fruhstorfer, 1908;白斑蔭眼蝶;白色黃斑蔭蝶;
蛺蝶科 Nymphalidae Rafinesque, 1815;蔭眼蝶屬 Neope Moore, 1866;Neope muirheadi nagasawae Matsumura, 1919;Neope muirheadi nagasawae;Matsumura, 1919;褐翅蔭眼蝶;永澤黃斑蔭蝶;
蛺蝶科 Nymphalidae Rafinesque, 1815;眉眼蝶屬 Mycalesis Hübner, 1818;Mycalesis francisca formosana Fruhstorfer, 1908;Mycalesis francisca formosana;Fruhstorfer, 1908;眉眼蝶;小蛇目蝶;
蛺蝶科 Nymphalidae Rafinesque, 1815;眉眼蝶屬 Mycalesis Hübner, 1818;Mycalesis sangaica mara Fruhstorfer, 1900;Mycalesis sangaica mara;Fruhstorfer, 1900;淺色眉眼蝶;單環蝶;
蛺蝶科 Nymphalidae Rafinesque, 1815;眉眼蝶屬 Mycalesis Hübner, 1818;Mycalesis gotama nanda Fruhstorfer, 1908;Mycalesis gotama nanda;Fruhstorfer, 1908;稻眉眼蝶;姬蛇目蝶;
蛺蝶科 Nymphalidae Rafinesque, 1815;眉眼蝶屬 Mycalesis Hübner, 1818;Mycalesis suavolens kagina Fruhstorfer, 1908;Mycalesis suavolens kagina;Fruhstorfer, 1908;罕眉眼蝶;嘉義小蛇目蝶;
蛺蝶科 Nymphalidae Rafinesque, 1815;眉眼蝶屬 Mycalesis Hübner, 1818;Mycalesis perseus blasius Fabricius, 1798;Mycalesis perseus blasius;Fabricius, 1798;曲斑眉眼蝶;無紋蛇目蝶;
蛺蝶科 Nymphalidae Rafinesque, 1815;眉眼蝶屬 Mycalesis Hübner, 1818;Mycalesis zonata Matsumura, 1909;Mycalesis zonata;Matsumura, 1909;切翅眉眼蝶;切翅單環蝶;
蛺蝶科 Nymphalidae Rafinesque, 1815;眉眼蝶屬 Mycalesis Hübner, 1818;Mycalesis mineus mineus Linnaeus, 1758;Mycalesis mineus mineus;Linnaeus, 1758;小眉眼蝶;圓翅單環蝶;
蛺蝶科 Nymphalidae Rafinesque, 1815;眉眼蝶屬 Mycalesis Hübner, 1818;Mycalesis igoleta C.&R.Felder, 1863;Mycalesis igoleta;C.&R.Felder, 1863;伊果眉眼蝶;;
蛺蝶科 Nymphalidae Rafinesque, 1815;蛇眼蝶屬 Minois Hübner, 1819;Minois nagasawae Matsumura, 1906 ;Minois nagasawae;Matsumura, 1906 ;永澤蛇眼蝶;永澤蛇目蝶;特有種
蛺蝶科 Nymphalidae Rafinesque, 1815;暮眼蝶屬 Melanitis Fabricius, 1807;Melanitis leda leda Linnaeus, 1758;Melanitis leda leda;Linnaeus, 1758;暮眼蝶;樹蔭蝶;
蛺蝶科 Nymphalidae Rafinesque, 1815;暮眼蝶屬 Melanitis Fabricius, 1807;Melanitis phedima polishana Fruhstorfer, 1908;Melanitis phedima polishana;Fruhstorfer, 1908;森林暮眼蝶;黑樹蔭蝶;
蛺蝶科 Nymphalidae Rafinesque, 1815;斑眼蝶屬 Penthema Doubleday, 1848;Penthema formosanum Rothschild, 1898 ;Penthema formosanum;Rothschild, 1898 ;台灣斑眼蝶;白條斑蔭蝶;特有種
蛺蝶科 Nymphalidae Rafinesque, 1815;鋸眼蝶屬 Elymnias Hübner, 1818;Elymnias hypermnestra hainana Moore, 1878;Elymnias hypermnestra hainana;Moore, 1878;藍紋鋸眼蝶;紫蛇目蝶;
