"","family","Genus","Sci_name","Sci_name_simp","author","CN_1","CN_2","SP","order","cbname"
"1","§Ë½º¬ì Hesperiidae Latreille, 1809","ªø¯Í§Ë½ºÄÝ Badamia Moore, 1881","Badamia exclamationis Fabricius, 1775","Badamia exclamationis","Fabricius, 1775","ªø¯Í§Ë½º","²Hºñ§Ë½º","",7,"*Badamia exclamationis* Fabricius, 1775 ²Hºñ§Ë½º ªø¯Í§Ë½º"
"2","§Ë½º¬ì Hesperiidae Latreille, 1809","ºñ§Ë½ºÄÝ Choaspes Moore, 1881","Choaspes benjaminii formosanus Fruhstorfer, 1911","Choaspes benjaminii formosanus","Fruhstorfer, 1911","ºñ§Ë½º","¤jºñ§Ë½º","",8,"*Choaspes benjaminii formosanus* Fruhstorfer, 1911 ¤jºñ§Ë½º ºñ§Ë½º"
"3","§Ë½º¬ì Hesperiidae Latreille, 1809","ºñ§Ë½ºÄÝ Choaspes Moore, 1881","Choaspes xanthopogon chrysopterus Hsu, 1988","Choaspes xanthopogon chrysopterus","Hsu, 1988","½Å¯Íºñ§Ë½º","½Å¯Íºñ§Ë½º","",9,"*Choaspes xanthopogon chrysopterus* Hsu, 1988 ½Å¯Íºñ§Ë½º ½Å¯Íºñ§Ë½º"
"4","§Ë½º¬ì Hesperiidae Latreille, 1809","¯]§Ë½ºÄÝ Erynnis Schrank, 1801","Erynnis montanus neomontanus Murayama & Yoshisaka, 1959","Erynnis montanus neomontanus","Murayama & Yoshisaka, 1959","²`¤s¯]§Ë½º","²`¤s§Ë½º","ºÃ°ÝºØ",10,"*Erynnis montanus neomontanus* Murayama & Yoshisaka, 1959 ²`¤s§Ë½º ²`¤s¯]§Ë½º"
"5","§Ë½º¬ì Hesperiidae Latreille, 1809","±a§Ë½ºÄÝ Lobocla Moore, 1884","Lobocla bifasciata kodairai  Sonan, 1936","Lobocla bifasciata kodairai","Sonan, 1936","Âù±a§Ë½º","¥Õ¯¾§Ë½º","",11,"*Lobocla bifasciata kodairai* Sonan, 1936 ¥Õ¯¾§Ë½º Âù±a§Ë½º"
"6","§Ë½º¬ì Hesperiidae Latreille, 1809","¬P§Ë½ºÄÝ Celaenorrhinus Hubner, 1819","Celaenorrhinus pulomaya formosanus Fruhstorfer, 1909","Celaenorrhinus pulomaya formosanus","Fruhstorfer, 1909","¦y¯Í¬P§Ë½º","½´µÜ¶À¯¾§Ë½º","",12,"*Celaenorrhinus pulomaya formosanus* Fruhstorfer, 1909 ½´µÜ¶À¯¾§Ë½º ¦y¯Í¬P§Ë½º"
"7","§Ë½º¬ì Hesperiidae Latreille, 1809","¬P§Ë½ºÄÝ Celaenorrhinus Hubner, 1819","Celaenorrhinus kurosawai Shirozu, 1960","Celaenorrhinus kurosawai","Shirozu, 1960","¶Â¿A¬P§Ë½º","®V¶À¯¾§Ë½º","¯S¦³ºØ",13,"*Celaenorrhinus kurosawai* Shirozu, 1960 ®V¶À¯¾§Ë½º ¶Â¿A¬P§Ë½º"
"8","§Ë½º¬ì Hesperiidae Latreille, 1809","¬P§Ë½ºÄÝ Celaenorrhinus Hubner, 1819","Celaenorrhinus ratna Fruhstorfer, 1909","Celaenorrhinus ratna","Fruhstorfer, 1909","¤p¬P§Ë½º","¥ÕÅ½¶À¯¾§Ë½º","",14,"*Celaenorrhinus ratna* Fruhstorfer, 1909 ¥ÕÅ½¶À¯¾§Ë½º ¤p¬P§Ë½º"
"9","§Ë½º¬ì Hesperiidae Latreille, 1809","¬P§Ë½ºÄÝ Celaenorrhinus Hubner, 1819","Celaenorrhinus chihhsiaoi Hsu, 1990","Celaenorrhinus chihhsiaoi","Hsu, 1990","Å^¾y¬P§Ë½º","Å^¾y¶À¯¾§Ë½º","¯S¦³ºØ",15,"*Celaenorrhinus chihhsiaoi* Hsu, 1990 Å^¾y¶À¯¾§Ë½º Å^¾y¬P§Ë½º"
"10","§Ë½º¬ì Hesperiidae Latreille, 1809","¬P§Ë½ºÄÝ Celaenorrhinus Hubner, 1819","Celaenorrhinus horishanus Shirozu, 1960","Celaenorrhinus horishanus","Shirozu, 1960","®H¨½¬P§Ë½º","®H¨½¶À¯¾§Ë½º","¯S¦³ºØ",16,"*Celaenorrhinus horishanus* Shirozu, 1960 ®H¨½¶À¯¾§Ë½º ®H¨½¬P§Ë½º"
"11","§Ë½º¬ì Hesperiidae Latreille, 1809","¬P§Ë½ºÄÝ Celaenorrhinus Hubner, 1819","Celaenorrhinus major Hsu, 1990","Celaenorrhinus major","Hsu, 1990","¥xÆW¬y¬P§Ë½º","µØ¦è¶À¯¾§Ë½º","¯S¦³ºØ",17,"*Celaenorrhinus major* Hsu, 1990 µØ¦è¶À¯¾§Ë½º ¥xÆW¬y¬P§Ë½º"
"12","§Ë½º¬ì Hesperiidae Latreille, 1809","¬P§Ë½ºÄÝ Celaenorrhinus Hubner, 1819","Celaenorrhinus maculosus taiwanus Matsumura, 1919","Celaenorrhinus maculosus taiwanus","Matsumura, 1919","¤j¬y¬P§Ë½º","¤j«¬¶À¯¾§Ë½º","",18,"*Celaenorrhinus maculosus taiwanus* Matsumura, 1919 ¤j«¬¶À¯¾§Ë½º ¤j¬y¬P§Ë½º"
"13","§Ë½º¬ì Hesperiidae Latreille, 1809","ÃÌ§Ë½ºÄÝ Pseudocoladenia Shirozu & Saigusa, 1962","Pseudocoladenia dan sadakoe Sonan & Mitono, 1936","Pseudocoladenia dan sadakoe","Sonan & Mitono, 1936","¶ÀÃÌ§Ë½º","¤K¥P¤s§Ë½º","",19,"*Pseudocoladenia dan sadakoe* Sonan & Mitono, 1936 ¤K¥P¤s§Ë½º ¶ÀÃÌ§Ë½º"
"14","§Ë½º¬ì Hesperiidae Latreille, 1809","µ¡§Ë½ºÄÝ Coladenia Moore, 1881","Coladenia pinsbukana Shimonoya & Murayama, 1976","Coladenia pinsbukana","Shimonoya & Murayama, 1976","¥xÆWµ¡§Ë½º","¶À«á¯Í§Ë½º","¯S¦³ºØ",20,"*Coladenia pinsbukana* Shimonoya & Murayama, 1976 ¶À«á¯Í§Ë½º ¥xÆWµ¡§Ë½º"
"15","§Ë½º¬ì Hesperiidae Latreille, 1809","»ã§Ë½ºÄÝ Satarupa Moore, 1866","Satarupa majasra Fruhstorfer, 1909","Satarupa majasra","Fruhstorfer, 1909","¤p¯¾»ã§Ë½º","¤j¥Õ¸È§Ë½º","¯S¦³ºØ",21,"*Satarupa majasra* Fruhstorfer, 1909 ¤j¥Õ¸È§Ë½º ¤p¯¾»ã§Ë½º"
"16","§Ë½º¬ì Hesperiidae Latreille, 1809","»ã§Ë½ºÄÝ Satarupa Moore, 1866","Satarupa formosibia Strand, 1927","Satarupa formosibia","Strand, 1927","¥xÆW»ã§Ë½º","¥xÆW¤j¥Õ¸È§Ë½º","¯S¦³ºØ",22,"*Satarupa formosibia* Strand, 1927 ¥xÆW¤j¥Õ¸È§Ë½º ¥xÆW»ã§Ë½º"
"17","§Ë½º¬ì Hesperiidae Latreille, 1809","·æ§Ë½ºÄÝ Seseria Matsumura, 1919","Seseria formosana Fruhstorfer, 1909","Seseria formosana","Fruhstorfer, 1909","¥xÆW·æ§Ë½º","¤j¶Â¬P§Ë½º","¯S¦³ºØ",23,"*Seseria formosana* Fruhstorfer, 1909 ¤j¶Â¬P§Ë½º ¥xÆW·æ§Ë½º"
"18","§Ë½º¬ì Hesperiidae Latreille, 1809","¸È§Ë½ºÄÝ Tagiades Hubner, 1819","Tagiades cohaerens Mabille, 1914","Tagiades cohaerens","Mabille, 1914","¥Õ¸È§Ë½º","¥Õ¸È§Ë½º","",24,"*Tagiades cohaerens* Mabille, 1914 ¥Õ¸È§Ë½º ¥Õ¸È§Ë½º"
"19","§Ë½º¬ì Hesperiidae Latreille, 1809","¸È§Ë½ºÄÝ Tagiades Hubner, 1819","Tagiades trebellius martinus Plotz, 1884","Tagiades trebellius martinus","Plotz, 1884","¼ö±a¥Õ¸È§Ë½º","ÄõÀ¬¥Õ¸È§Ë½º","",25,"*Tagiades trebellius martinus* Plotz, 1884 ÄõÀ¬¥Õ¸È§Ë½º ¼ö±a¥Õ¸È§Ë½º"
"20","§Ë½º¬ì Hesperiidae Latreille, 1809","¥É±a§Ë½ºÄÝ Daimio Murray, 1875","Daimio tethys moori Mabille, 1876","Daimio tethys moori","Mabille, 1876","¥É±a§Ë½º","¥É±a§Ë½º","",26,"*Daimio tethys moori* Mabille, 1876 ¥É±a§Ë½º ¥É±a§Ë½º"
"21","§Ë½º¬ì Hesperiidae Latreille, 1809","¥Õ§Ë½ºÄÝ Abraximorpha Elwes & Edwards, 1897","Abraximorpha davidii ermasis Fruhstorfer, 1914","Abraximorpha davidii ermasis","Fruhstorfer, 1914","¥Õ§Ë½º","¥Õ§Ë½º","",27,"*Abraximorpha davidii ermasis* Fruhstorfer, 1914 ¥Õ§Ë½º ¥Õ§Ë½º"
"22","§Ë½º¬ì Hesperiidae Latreille, 1809","¥Õ§Ë½ºÄÝ Abraximorpha Elwes & Edwards, 1897","Pelopidas mathias oberthueri Evans, 1937","Pelopidas mathias oberthueri","Evans, 1937","½Å§Ë½º","½Å§Ë½º","",28,"*Pelopidas mathias oberthueri* Evans, 1937 ½Å§Ë½º ½Å§Ë½º"
"23","§Ë½º¬ì Hesperiidae Latreille, 1809","¥Õ§Ë½ºÄÝ Abraximorpha Elwes & Edwards, 1897","Pelopidas agna Moore, 1866","Pelopidas agna","Moore, 1866","¦y¯Í½Å§Ë½º","¦y¯Í½Å§Ë½º","",29,"*Pelopidas agna* Moore, 1866 ¦y¯Í½Å§Ë½º ¦y¯Í½Å§Ë½º"
"24","§Ë½º¬ì Hesperiidae Latreille, 1809","¥Õ§Ë½ºÄÝ Abraximorpha Elwes & Edwards, 1897","Pelopidas sinensis Mabille, 1877","Pelopidas sinensis","Mabille, 1877","¤¤µØ½Å§Ë½º","¤¤µØ½Å§Ë½º","",30,"*Pelopidas sinensis* Mabille, 1877 ¤¤µØ½Å§Ë½º ¤¤µØ½Å§Ë½º"
"25","§Ë½º¬ì Hesperiidae Latreille, 1809","¥Õ§Ë½ºÄÝ Abraximorpha Elwes & Edwards, 1897","Pelopidas conjuncta Herrich - Schaffer, 1869","Pelopidas conjuncta","Herrich - Schaffer, 1869","¥¨½Å§Ë½º","¥xÆW¤j½Å§Ë½º","",31,"*Pelopidas conjuncta* Herrich - Schaffer, 1869 ¥xÆW¤j½Å§Ë½º ¥¨½Å§Ë½º"
"26","§Ë½º¬ì Hesperiidae Latreille, 1809","¤Õ§Ë½ºÄÝ Polytremis Mabille, 1904","Polytremis lubricans kuyaniana Matsumura, 1919","Polytremis lubricans kuyaniana","Matsumura, 1919","¶À¯¾¤Õ§Ë½º","¶À¯¾½Å§Ë½º","",32,"*Polytremis lubricans kuyaniana* Matsumura, 1919 ¶À¯¾½Å§Ë½º ¶À¯¾¤Õ§Ë½º"
"27","§Ë½º¬ì Hesperiidae Latreille, 1809","¤Õ§Ë½ºÄÝ Polytremis Mabille, 1904","Polytremis eltola tappana Matsumura, 1919","Polytremis eltola tappana","Matsumura, 1919","¸H¯¾¤Õ§Ë½º","¹F¨¹½Å§Ë½º","",33,"*Polytremis eltola tappana* Matsumura, 1919 ¹F¨¹½Å§Ë½º ¸H¯¾¤Õ§Ë½º"
"28","§Ë½º¬ì Hesperiidae Latreille, 1809","¤Õ§Ë½ºÄÝ Polytremis Mabille, 1904","Polytremis theca Evans, 1937","Polytremis theca","Evans, 1937","µu¯¾¤Õ§Ë½º","¤j½Å§Ë½º","ºÃ°ÝºØ",34,"*Polytremis theca* Evans, 1937 ¤j½Å§Ë½º µu¯¾¤Õ§Ë½º"
"29","§Ë½º¬ì Hesperiidae Latreille, 1809","¤Õ§Ë½ºÄÝ Polytremis Mabille, 1904","Polytremis kiraizana Sonan, 1938","Polytremis kiraizana","Sonan, 1938","©_µÜ¤Õ§Ë½º","©_µÜ½Å§Ë½º","¯S¦³ºØ",36,"*Polytremis kiraizana* Sonan, 1938 ©_µÜ½Å§Ë½º ©_µÜ¤Õ§Ë½º"
"30","§Ë½º¬ì Hesperiidae Latreille, 1809","Åf§Ë½ºÄÝ Caltoris Swinhoe, 1893","Caltoris cahira austeni Moore, 1883","Caltoris cahira austeni","Moore, 1883","Åf§Ë½º","¶Â¯¾§Ë½º","",37,"*Caltoris cahira austeni* Moore, 1883 ¶Â¯¾§Ë½º Åf§Ë½º"
"31","§Ë½º¬ì Hesperiidae Latreille, 1809","Åf§Ë½ºÄÝ Caltoris Swinhoe, 1893","Caltoris bromus yanuca Fruhstorfer, 1911","Caltoris bromus yanuca","Fruhstorfer, 1911","ÅÜ¯¾Åf§Ë½º","µL¯¾§Ë½º","",38,"*Caltoris bromus yanuca* Fruhstorfer, 1911 µL¯¾§Ë½º ÅÜ¯¾Åf§Ë½º"
"32","»ñ½º¬ì Papilionidae Latreille, 1802","»n»ñ½ºÄÝ Troides Hubner, 1819","Troides aeacus formosanus Rothschild, 1899","Troides aeacus formosanus","Rothschild, 1899","¶À»n»ñ½º","¶À»n»ñ½º","",40,"*Troides aeacus formosanus* Rothschild, 1899 ¶À»n»ñ½º ¶À»n»ñ½º"
"33","»ñ½º¬ì Papilionidae Latreille, 1802","»n»ñ½ºÄÝ Troides Hubner, 1819","Troides magellanus sonani Matsumura, 1932","Troides magellanus sonani","Matsumura, 1932","¯]¥ú»n»ñ½º","¯]¥ú»ñ½º","",41,"*Troides magellanus sonani* Matsumura, 1932 ¯]¥ú»ñ½º ¯]¥ú»n»ñ½º"
"34","»ñ½º¬ì Papilionidae Latreille, 1802","»n»ñ½ºÄÝ Troides Hubner, 1819","Troides plateni Staudinger, 1889","Troides plateni","Staudinger, 1889","¤Ú©Ô±æ»n»ñ½º","»Z¤ó¶À»n»ñ½º","°¸²£ºØ",42,"*Troides plateni* Staudinger, 1889 »Z¤ó¶À»n»ñ½º ¤Ú©Ô±æ»n»ñ½º"
"35","»ñ½º¬ì Papilionidae Latreille, 1802","ÀÆ»ñ½ºÄÝ Atrophaneura Reakirt, 1865","Atrophaneura horishana Matsumura, 1910","Atrophaneura horishana","Matsumura, 1910","ÀÆ»ñ½º","ÀÆ»ñ½º","¯S¦³ºØ",43,"*Atrophaneura horishana* Matsumura, 1910 ÀÆ»ñ½º ÀÆ»ñ½º"
"36","»ñ½º¬ì Papilionidae Latreille, 1802","ÀÆ»ñ½ºÄÝ Atrophaneura Reakirt, 1865","Atrophaneura semperi C. & R. Felder, 1861","Atrophaneura semperi","C. & R. Felder, 1861","µá«ß»«ÀÆ»ñ½º","¥Õ­IÀÆ»ñ½º","°¸²£ºØ",44,"*Atrophaneura semperi* C. & R. Felder, 1861 ¥Õ­IÀÆ»ñ½º µá«ß»«ÀÆ»ñ½º"
"37","»ñ½º¬ì Papilionidae Latreille, 1802","Åe»ñ½ºÄÝ Byasa Moore, 1882","Byasa polyeuctes termessus Fruhstorfer, 1842","Byasa polyeuctes termessus","Fruhstorfer, 1842","¦h«ºÅe»ñ½º","¤j¬õ¯¾»ñ½º","",45,"*Byasa polyeuctes termessus* Fruhstorfer, 1842 ¤j¬õ¯¾»ñ½º ¦h«ºÅe»ñ½º"
"38","»ñ½º¬ì Papilionidae Latreille, 1802","Åe»ñ½ºÄÝ Byasa Moore, 1882","Byasa impediens febanus Fruhstorfer, 1908","Byasa impediens febanus","Fruhstorfer, 1908","ªø§ÀÅe»ñ½º","¥xÆWÅe­»»ñ½º","",46,"*Byasa impediens febanus* Fruhstorfer, 1908 ¥xÆWÅe­»»ñ½º ªø§ÀÅe»ñ½º"
"39","»ñ½º¬ì Papilionidae Latreille, 1802","Åe»ñ½ºÄÝ Byasa Moore, 1882","Byasa alcinous mansonensis Fruhstorfer, 1901","Byasa alcinous mansonensis","Fruhstorfer, 1901","Åe»ñ½º","Åe­»»ñ½º","",47,"*Byasa alcinous mansonensis* Fruhstorfer, 1901 Åe­»»ñ½º Åe»ñ½º"
"40","»ñ½º¬ì Papilionidae Latreille, 1802","¯]»ñ½ºÄÝ Pachliopta Reakirt, 1865","Pachliopta aristolochiae interposita Fruhstorfer, 1901","Pachliopta aristolochiae interposita","Fruhstorfer, 1901","¬õ¯]»ñ½º","¬õ¯¾»ñ½º","",48,"*Pachliopta aristolochiae interposita* Fruhstorfer, 1901 ¬õ¯¾»ñ½º ¬õ¯]»ñ½º"
"41","»ñ½º¬ì Papilionidae Latreille, 1802","¼C»ñ½ºÄÝ Pazala Moore, 1888","Pazala eurous asakurae Matsumura, 1908","Pazala eurous asakurae","Matsumura, 1908","¼C»ñ½º","¤É¤Ñ»ñ½º","",49,"*Pazala eurous asakurae* Matsumura, 1908 ¤É¤Ñ»ñ½º ¼C»ñ½º"
"42","»ñ½º¬ì Papilionidae Latreille, 1802","¼C»ñ½ºÄÝ Pazala Moore, 1888","Pazala timur chungianus Murayama, 1961","Pazala timur chungianus","Murayama, 1961","¶Â§À¼C»ñ½º","¤ì¥Í»ñ½º","",50,"*Pazala timur chungianus* Murayama, 1961 ¤ì¥Í»ñ½º ¶Â§À¼C»ñ½º"
"43","»ñ½º¬ì Papilionidae Latreille, 1802","«C»ñ½ºÄÝ Graphium Scopoli, 1777","Graphium sarpedon connectens Fruhstorfer, 1906","Graphium sarpedon connectens","Fruhstorfer, 1906","«C»ñ½º","«C±a»ñ½º","",51,"*Graphium sarpedon connectens* Fruhstorfer, 1906 «C±a»ñ½º «C»ñ½º"
"44","»ñ½º¬ì Papilionidae Latreille, 1802","«C»ñ½ºÄÝ Graphium Scopoli, 1777","Graphium cloanthus kuge Fruhstorfer, 1931","Graphium cloanthus kuge","Fruhstorfer, 1931","¼e±a«C»ñ½º","¼e«C±a»ñ½º","",52,"*Graphium cloanthus kuge* Fruhstorfer, 1931 ¼e«C±a»ñ½º ¼e±a«C»ñ½º"
"45","»ñ½º¬ì Papilionidae Latreille, 1802","«C»ñ½ºÄÝ Graphium Scopoli, 1777","Graphium doson postianus Fruhstorfer, 1908","Graphium doson postianus","Fruhstorfer, 1908","¤ìÄõ«C»ñ½º","«C´³»ñ½º","",53,"*Graphium doson postianus* Fruhstorfer, 1908 «C´³»ñ½º ¤ìÄõ«C»ñ½º"
"46","»ñ½º¬ì Papilionidae Latreille, 1802","«C»ñ½ºÄÝ Graphium Scopoli, 1777","Graphium agamemnon Linnaeus, 1758","Graphium agamemnon","Linnaeus, 1758","»A´³«C»ñ½º","ºñ´³»ñ½º","",54,"*Graphium agamemnon* Linnaeus, 1758 ºñ´³»ñ½º »A´³«C»ñ½º"
"47","»ñ½º¬ì Papilionidae Latreille, 1802","´³»ñ½ºÄÝ Chilasa Moore, 1881","Chilasa agestor matsumurae Fruhstorfer, 1908","Chilasa agestor matsumurae","Fruhstorfer, 1908","´³»ñ½º","´³»ñ½º","",55,"*Chilasa agestor matsumurae* Fruhstorfer, 1908 ´³»ñ½º ´³»ñ½º"
"48","»ñ½º¬ì Papilionidae Latreille, 1802","´³»ñ½ºÄÝ Chilasa Moore, 1881","Chilasa epycides melanoleucus Ney, 1911","Chilasa epycides melanoleucus","Ney, 1911","¶À¬P´³»ñ½º","¶À¬P»ñ½º","",56,"*Chilasa epycides melanoleucus* Ney, 1911 ¶À¬P»ñ½º ¶À¬P´³»ñ½º"
"49","»ñ½º¬ì Papilionidae Latreille, 1802","´³»ñ½ºÄÝ Chilasa Moore, 1881","Chilasa clytia Linnaeus, 1758","Chilasa clytia","Linnaeus, 1758","¤j´³»ñ½º","¶ÀÃä»ñ½º","°¸²£ºØ",57,"*Chilasa clytia* Linnaeus, 1758 ¶ÀÃä»ñ½º ¤j´³»ñ½º"
"50","»ñ½º¬ì Papilionidae Latreille, 1802","¼e§À»ñ½ºÄÝ Agehana Matsumura, 1936","Agehana maraho Shiraki & Sonan, 1934","Agehana maraho","Shiraki & Sonan, 1934","¥xÆW¼e§À»ñ½º","¼e§À»ñ½º","¯S¦³ºØ",58,"*Agehana maraho* Shiraki & Sonan, 1934 ¼e§À»ñ½º ¥xÆW¼e§À»ñ½º"
"51","»ñ½º¬ì Papilionidae Latreille, 1802","»ñ½ºÄÝ Papilio Linnaeus, 1758","Papilio demoleus Linnaeus, 1758","Papilio demoleus","Linnaeus, 1758","ªá»ñ½º","µL§À»ñ½º","",59,"*Papilio demoleus* Linnaeus, 1758 µL§À»ñ½º ªá»ñ½º"
"52","»ñ½º¬ì Papilionidae Latreille, 1802","»ñ½ºÄÝ Papilio Linnaeus, 1758","Papilio machoan sylvina Hemming, 1933","Papilio machoan sylvina","Hemming, 1933","¶À»ñ½º","¶À»ñ½º","",60,"*Papilio machoan sylvina* Hemming, 1933 ¶À»ñ½º ¶À»ñ½º"
"53","»ñ½º¬ì Papilionidae Latreille, 1802","»ñ½ºÄÝ Papilio Linnaeus, 1758","Papilio xuthus Linnaeus, 1767","Papilio xuthus","Linnaeus, 1767","¬a¾ï»ñ½º","¬a¾ï»ñ½º","",61,"*Papilio xuthus* Linnaeus, 1767 ¬a¾ï»ñ½º ¬a¾ï»ñ½º"
"54","»ñ½º¬ì Papilionidae Latreille, 1802","»ñ½ºÄÝ Papilio Linnaeus, 1758","Papilio polytes polytes Linnaeus, 1758","Papilio polytes polytes","Linnaeus, 1758","¥É±a»ñ½º","¥É±a»ñ½º","",62,"*Papilio polytes polytes* Linnaeus, 1758 ¥É±a»ñ½º ¥É±a»ñ½º"
"55","»ñ½º¬ì Papilionidae Latreille, 1802","»ñ½ºÄÝ Papilio Linnaeus, 1758","Papilio polytes ledebouria Eschscholtz, 1821","Papilio polytes ledebouria","Eschscholtz, 1821","¥É±a»ñ½º(µá¨È)","¥É±a»ñ½º(µL§À«¬)","°¸²£ºØ",63,"*Papilio polytes ledebouria* Eschscholtz, 1821 ¥É±a»ñ½º(µL§À«¬) ¥É±a»ñ½º(µá¨È)"
"56","»ñ½º¬ì Papilionidae Latreille, 1802","»ñ½ºÄÝ Papilio Linnaeus, 1758","Papilio protenor protenor Cramer, 1775","Papilio protenor protenor","Cramer, 1775","¶Â»ñ½º","¶Â»ñ½º","",64,"*Papilio protenor protenor* Cramer, 1775 ¶Â»ñ½º ¶Â»ñ½º"
"57","»ñ½º¬ì Papilionidae Latreille, 1802","»ñ½ºÄÝ Papilio Linnaeus, 1758","Papilio helenus fortunius Fruhstorfer, 1908","Papilio helenus fortunius","Fruhstorfer, 1908","¥Õ¯¾»ñ½º","¥Õ¯¾»ñ½º","",66,"*Papilio helenus fortunius* Fruhstorfer, 1908 ¥Õ¯¾»ñ½º ¥Õ¯¾»ñ½º"
"58","»ñ½º¬ì Papilionidae Latreille, 1802","»ñ½ºÄÝ Papilio Linnaeus, 1758","Papilio nephelus chaonulus Fruhstorfer, 1902","Papilio nephelus chaonulus","Fruhstorfer, 1902","¤j¥Õ¯¾»ñ½º","¥xÆW¥Õ¯¾»ñ½º","",67,"*Papilio nephelus chaonulus* Fruhstorfer, 1902 ¥xÆW¥Õ¯¾»ñ½º ¤j¥Õ¯¾»ñ½º"
"59","»ñ½º¬ì Papilionidae Latreille, 1802","»ñ½ºÄÝ Papilio Linnaeus, 1758","Papilio castor formosanus Rothschild, 1896","Papilio castor formosanus","Rothschild, 1896","µL§À¥Õ¯¾»ñ½º","µL§À¥Õ¯¾»ñ½º","",68,"*Papilio castor formosanus* Rothschild, 1896 µL§À¥Õ¯¾»ñ½º µL§À¥Õ¯¾»ñ½º"
"60","»ñ½º¬ì Papilionidae Latreille, 1802","»ñ½ºÄÝ Papilio Linnaeus, 1758","Papilio thaiwanus Rothschild, 1898","Papilio thaiwanus","Rothschild, 1898","¥xÆW»ñ½º","¥xÆW»ñ½º","¯S¦³ºØ",69,"*Papilio thaiwanus* Rothschild, 1898 ¥xÆW»ñ½º ¥xÆW»ñ½º"
"61","»ñ½º¬ì Papilionidae Latreille, 1802","»ñ½ºÄÝ Papilio Linnaeus, 1758","Papilio memnon heronus Fruhstorfer, 1929","Papilio memnon heronus","Fruhstorfer, 1929","¤j»ñ½º","¤j»ñ½º","",70,"*Papilio memnon heronus* Fruhstorfer, 1929 ¤j»ñ½º ¤j»ñ½º"
"62","»ñ½º¬ì Papilionidae Latreille, 1802","»ñ½ºÄÝ Papilio Linnaeus, 1758","Papilio rumanzovia Eschscholtz, 1821","Papilio rumanzovia","Eschscholtz, 1821","¬õ´³¤j»ñ½º","¬õ´³¤j»ñ½º","°¸²£ºØ",71,"*Papilio rumanzovia* Eschscholtz, 1821 ¬õ´³¤j»ñ½º ¬õ´³¤j»ñ½º"
"63","»ñ½º¬ì Papilionidae Latreille, 1802","»ñ½ºÄÝ Papilio Linnaeus, 1758","Papilio bianor thrasymedes Fruhstorfer, 1909","Papilio bianor thrasymedes","Fruhstorfer, 1909","»A»ñ½º","¯Q¾~»ñ½º","",73,"*Papilio bianor thrasymedes* Fruhstorfer, 1909 ¯Q¾~»ñ½º »A»ñ½º"
"64","»ñ½º¬ì Papilionidae Latreille, 1802","»ñ½ºÄÝ Papilio Linnaeus, 1758","Papilio bianor kotoensis Sonan, 1927","Papilio bianor kotoensis","Sonan, 1927","»A»ñ½º(Äõ¨È)","¯[¼þ±a»ñ½º","ÄõÀ¬",74,"*Papilio bianor kotoensis* Sonan, 1927 ¯[¼þ±a»ñ½º »A»ñ½º(Äõ¨È)"
"65","»ñ½º¬ì Papilionidae Latreille, 1802","»ñ½ºÄÝ Papilio Linnaeus, 1758","Papilio dialis tatsuta Murayama, 1970","Papilio dialis tatsuta","Murayama, 1970","ªÆ»A»ñ½º","¥xÆW¯Q¾~»ñ½º","",75,"*Papilio dialis tatsuta* Murayama, 1970 ¥xÆW¯Q¾~»ñ½º ªÆ»A»ñ½º"
"66","»ñ½º¬ì Papilionidae Latreille, 1802","»ñ½ºÄÝ Papilio Linnaeus, 1758","Papilio hopponis Matsumura, 1907","Papilio hopponis","Matsumura, 1907","ÂùÀô»A»ñ½º","ÂùÀô»ñ½º","¯S¦³ºØ",76,"*Papilio hopponis* Matsumura, 1907 ÂùÀô»ñ½º ÂùÀô»A»ñ½º"
"67","»ñ½º¬ì Papilionidae Latreille, 1802","»ñ½ºÄÝ Papilio Linnaeus, 1758","Papilio hermosanus Rebel, 1906","Papilio hermosanus","Rebel, 1906","¥xÆW¯[¼þ»A»ñ½º","¯[¼þ¯¾»ñ½º","¯S¦³ºØ",78,"*Papilio hermosanus* Rebel, 1906 ¯[¼þ¯¾»ñ½º ¥xÆW¯[¼þ»A»ñ½º"
"68","»ñ½º¬ì Papilionidae Latreille, 1802","»ñ½ºÄÝ Papilio Linnaeus, 1758","Papilio paris nakaharai Shirozu, 1960","Papilio paris nakaharai","Shirozu, 1960","¯[¼þ»A»ñ½º","¤j¯[¼þ¯¾»ñ½º","",79,"*Papilio paris nakaharai* Shirozu, 1960 ¤j¯[¼þ¯¾»ñ½º ¯[¼þ»A»ñ½º"
"69","¯»½º¬ì Pieridae Duponchel, 1832","Æv¯»½ºÄÝ Delias Hubner, 1819","Delias pasithoe curasena Fruhstorfer, 1908","Delias pasithoe curasena","Fruhstorfer, 1908","Æv¯»½º","¬õªÓ¯»½º","",80,"*Delias pasithoe curasena* Fruhstorfer, 1908 ¬õªÓ¯»½º Æv¯»½º"
"70","¯»½º¬ì Pieridae Duponchel, 1832","Æv¯»½ºÄÝ Delias Hubner, 1819","Delias hyparete luzonensis C. & R. Felder, 1862","Delias hyparete luzonensis","C. & R. Felder, 1862","¥ÕÆv¯»½º","¬õ¯¾¯»½º","",81,"*Delias hyparete luzonensis* C. & R. Felder, 1862 ¬õ¯¾¯»½º ¥ÕÆv¯»½º"
"71","¯»½º¬ì Pieridae Duponchel, 1832","Æv¯»½ºÄÝ Delias Hubner, 1819","Delias lativitta formosana Matsumura, 1909","Delias lativitta formosana","Matsumura, 1909","±ø´³Æv¯»½º","³Â´³¯»½º","",82,"*Delias lativitta formosana* Matsumura, 1909 ³Â´³¯»½º ±ø´³Æv¯»½º"
"72","¯»½º¬ì Pieridae Duponchel, 1832","Æv¯»½ºÄÝ Delias Hubner, 1819","Delias berinda wilemani Jordan, 1925","Delias berinda wilemani","Jordan, 1925","¶À¸ÈÆv¯»½º","­³¤ó³Â´³¯»½º","",83,"*Delias berinda wilemani* Jordan, 1925 ­³¤ó³Â´³¯»½º ¶À¸ÈÆv¯»½º"
"73","¯»½º¬ì Pieridae Duponchel, 1832","¸h¯»½ºÄÝ Aporia Hubner, 1819","Aporia agathon moltrechti Oberthr, 1909","Aporia agathon moltrechti","Oberthr, 1909","¬y¬P¸h¯»½º","°ª¤s¯»½º","",84,"*Aporia agathon moltrechti* Oberthr, 1909 °ª¤s¯»½º ¬y¬P¸h¯»½º"
"74","¯»½º¬ì Pieridae Duponchel, 1832","¸h¯»½ºÄÝ Aporia Hubner, 1819","Aporia genestieri insularis  Shirozu, 1959","Aporia genestieri insularis","Shirozu, 1959","¥Õ¸h¯»½º","²`¤s¯»½º","",85,"*Aporia genestieri insularis* Shirozu, 1959 ²`¤s¯»½º ¥Õ¸h¯»½º"
"75","¯»½º¬ì Pieridae Duponchel, 1832","¥Õ¯»½ºÄÝ Pieris Schrank, 1801","Pieris rapae crucivora Boisduval, 1836","Pieris rapae crucivora","Boisduval, 1836","¥Õ¯»½º","¯¾¥Õ½º","",87,"*Pieris rapae crucivora* Boisduval, 1836 ¯¾¥Õ½º ¥Õ¯»½º"
"76","¯»½º¬ì Pieridae Duponchel, 1832","¥Õ¯»½ºÄÝ Pieris Schrank, 1801","Pieris canidia Sparrman, 1768","Pieris canidia","Sparrman, 1768","½tÂI¥Õ¯»½º","¥xÆW¯¾¥Õ½º","",88,"*Pieris canidia* Sparrman, 1768 ¥xÆW¯¾¥Õ½º ½tÂI¥Õ¯»½º"
"77","¯»½º¬ì Pieridae Duponchel, 1832","­¸Às¥Õ¯»½ºÄÝ Talbotia Bernardi, 1958","Talbotia naganum karumii Ikeda, 1937","Talbotia naganum karumii","Ikeda, 1937","­¸Às¥Õ¯»½º","»´®ü¯¾¥Õ½º","",89,"*Talbotia naganum karumii* Ikeda, 1937 »´®ü¯¾¥Õ½º ­¸Às¥Õ¯»½º"
"78","¯»½º¬ì Pieridae Duponchel, 1832","¯ß¯»½ºÄÝ Cepora Billberg, 1820","Cepora nadina eunama Fruhstorfer, 1908","Cepora nadina eunama","Fruhstorfer, 1908","²H½Å¯ß¯»½º","²Hµµ¯»½º","",90,"*Cepora nadina eunama* Fruhstorfer, 1908 ²Hµµ¯»½º ²H½Å¯ß¯»½º"
"79","¯»½º¬ì Pieridae Duponchel, 1832","¯ß¯»½ºÄÝ Cepora Billberg, 1820","Cepora nerissa cibyra Fruhstorfer, 1910","Cepora nerissa cibyra","Fruhstorfer, 1910","¶Â¯ß¯»½º","¶Â¯ß¯»½º","",91,"*Cepora nerissa cibyra* Fruhstorfer, 1910 ¶Â¯ß¯»½º ¶Â¯ß¯»½º"
"80","¯»½º¬ì Pieridae Duponchel, 1832","¯ß¯»½ºÄÝ Cepora Billberg, 1820","Cepora iudith olga Eschscholtz, 1821","Cepora iudith olga","Eschscholtz, 1821","¶À¸È¯ß¯»½º","¶À¸È¯»½º","©w©~°¸²£ºØ",92,"*Cepora iudith olga* Eschscholtz, 1821 ¶À¸È¯»½º ¶À¸È¯ß¯»½º"
"81","¯»½º¬ì Pieridae Duponchel, 1832","¦y¯»½ºÄÝ Appias Hubner, 1819","Appias olferna peducaea Fruhstorfer, 1910","Appias olferna peducaea","Fruhstorfer, 1910","Æ^Ãä¦y¯»½º","¤K­«¤s¯»½º","©w©~°¸²£ºØ",93,"*Appias olferna peducaea* Fruhstorfer, 1910 ¤K­«¤s¯»½º Æ^Ãä¦y¯»½º"
"82","¯»½º¬ì Pieridae Duponchel, 1832","¦y¯»½ºÄÝ Appias Hubner, 1819","Appias albina semperi Moore, 1905","Appias albina semperi","Moore, 1905","¦y¯»½º","¦y¯Í¯»½º","",94,"*Appias albina semperi* Moore, 1905 ¦y¯Í¯»½º ¦y¯»½º"
"83","¯»½º¬ì Pieridae Duponchel, 1832","¦y¯»½ºÄÝ Appias Hubner, 1819","Appias paulina minato Fruhstorfer, 1898","Appias paulina minato","Fruhstorfer, 1898","¶À¦y¯»½º","ÄõÀ¬¯»½º","",95,"*Appias paulina minato* Fruhstorfer, 1898 ÄõÀ¬¯»½º ¶À¦y¯»½º"
"84","¯»½º¬ì Pieridae Duponchel, 1832","¦y¯»½ºÄÝ Appias Hubner, 1819","Appias nero domitia C. & R. Felder, 1862","Appias nero domitia","C. & R. Felder, 1862","¬õ¦y¯»½º","¬õ¯»½º","°¸²£ºØ",96,"*Appias nero domitia* C. & R. Felder, 1862 ¬õ¯»½º ¬õ¦y¯»½º"
"85","¯»½º¬ì Pieridae Duponchel, 1832","¦y¯»½ºÄÝ Appias Hubner, 1819","Appias lyncida eleonora Boisduval, 1836","Appias lyncida eleonora","Boisduval, 1836","²§¦â¦y¯»½º","¥xÆW¯»½º","",97,"*Appias lyncida eleonora* Boisduval, 1836 ¥xÆW¯»½º ²§¦â¦y¯»½º"
"86","¯»½º¬ì Pieridae Duponchel, 1832","¦y¯»½ºÄÝ Appias Hubner, 1819","Appias indra aristoxemus Fruhstorfer, 1908","Appias indra aristoxemus","Fruhstorfer, 1908","¶³¯¾¦y¯»½º","¶³¯¾¯»½º","",98,"*Appias indra aristoxemus* Fruhstorfer, 1908 ¶³¯¾¯»½º ¶³¯¾¦y¯»½º"
"87","¯»½º¬ì Pieridae Duponchel, 1832","«n¦y¯»½ºÄÝ Saletara Distant, 1885","Saletara panda nathalia C. & R. Felder, 1862","Saletara panda nathalia","C. & R. Felder, 1862","«n¦y¯»½º","©¥±T¯»½º","°¸²£ºØ",99,"*Saletara panda nathalia* C. & R. Felder, 1862 ©¥±T¯»½º «n¦y¯»½º"
"88","¯»½º¬ì Pieridae Duponchel, 1832","¿÷¯»½ºÄÝ Prioneris Wallace, 1867","Prioneris thestylis formosana Fruhstorfer, 1908","Prioneris thestylis formosana","Fruhstorfer, 1908","¿÷¯»½º","´³¯»½º","",100,"*Prioneris thestylis formosana* Fruhstorfer, 1908 ´³¯»½º ¿÷¯»½º"
"89","¯»½º¬ì Pieridae Duponchel, 1832","ÅÖ¯»½ºÄÝ Leptosia Hubner, 1819","Leptosia nina niobe Wallace, 1866","Leptosia nina niobe","Wallace, 1866","ÅÖ¯»½º","¶ÂÂI¯»½º","",102,"*Leptosia nina niobe* Wallace, 1866 ¶ÂÂI¯»½º ÅÖ¯»½º"
"90","¯»½º¬ì Pieridae Duponchel, 1832","²§¯»½ºÄÝ Ixias Hubner, 1819","Ixias pyrene insignis Butler, 1879","Ixias pyrene insignis","Butler, 1879","²§¯»½º","»Û¥Õ¶À½º","",103,"*Ixias pyrene insignis* Butler, 1879 »Û¥Õ¶À½º ²§¯»½º"
"91","¯»½º¬ì Pieridae Duponchel, 1832","¾íºÝ¯»½ºÄÝ Hebomoia Hubner, 1819","Hebomoia glaucippe formosana Fruhstorfer, 1908","Hebomoia glaucippe formosana","Fruhstorfer, 1908","¾íºÝ¯»½º","ºÝ¬õ½º","",104,"*Hebomoia glaucippe formosana* Fruhstorfer, 1908 ºÝ¬õ½º ¾íºÝ¯»½º"
"92","¯»½º¬ì Pieridae Duponchel, 1832","¾E¯»½ºÄÝ Catopsilia Hubner, 1819","Catopsilia pyranthe Linnaeus, 1758","Catopsilia pyranthe","Linnaeus, 1758","²Óªi¾E¯»½º","¤ô«C¯»½º","",105,"*Catopsilia pyranthe* Linnaeus, 1758 ¤ô«C¯»½º ²Óªi¾E¯»½º"
"93","¯»½º¬ì Pieridae Duponchel, 1832","¾E¯»½ºÄÝ Catopsilia Hubner, 1819","Catopsilia pomona Fabricius, 1775","Catopsilia pomona","Fabricius, 1775","¾E¯»½º","»È¯¾²H¶À½º","",106,"*Catopsilia pomona* Fabricius, 1775 »È¯¾²H¶À½º ¾E¯»½º"
"94","¯»½º¬ì Pieridae Duponchel, 1832","¾E¯»½ºÄÝ Catopsilia Hubner, 1819","Catopsilia scylla cornelia Fabricius, 1787","Catopsilia scylla cornelia","Fabricius, 1787","¶À¸È¾E¯»½º","¤j¶À¸È¯»½º","©w©~°¸²£ºØ",107,"*Catopsilia scylla cornelia* Fabricius, 1787 ¤j¶À¸È¯»½º ¶À¸È¾E¯»½º"
"95","¯»½º¬ì Pieridae Duponchel, 1832","¯¾¶À½ºÄÝ Colias Fabricius, 1807","Colias erate formosana Shirozu, 1955","Colias erate formosana","Shirozu, 1955","¯¾¶À½º","¯¾¶À½º","",108,"*Colias erate formosana* Shirozu, 1955 ¯¾¶À½º ¯¾¶À½º"
"96","¯»½º¬ì Pieridae Duponchel, 1832","¹_¯»½ºÄÝ Gonepteryx Leach, 1815","Gonepteryx amintha formosana Fruhstorfer, 1908","Gonepteryx amintha formosana","Fruhstorfer, 1908","¶ê¯Í¹_¯»½º","¬õÂI¯»½º","",109,"*Gonepteryx amintha formosana* Fruhstorfer, 1908 ¬õÂI¯»½º ¶ê¯Í¹_¯»½º"
"97","¯»½º¬ì Pieridae Duponchel, 1832","¹_¯»½ºÄÝ Gonepteryx Leach, 1815","Gonepteryx taiwana Paravicini, 1913","Gonepteryx taiwana","Paravicini, 1913","¥xÆW¹_¯»½º","¤p¬õÂI¯»½º","¯S¦³ºØ",110,"*Gonepteryx taiwana* Paravicini, 1913 ¤p¬õÂI¯»½º ¥xÆW¹_¯»½º"
"98","¯»½º¬ì Pieridae Duponchel, 1832","¶À½ºÄÝ Eurema Hubner, 1819","Eurema brigitta hainana Moore, 1878","Eurema brigitta hainana","Moore, 1878","¬P¶À½º","¬P¶À½º","",111,"*Eurema brigitta hainana* Moore, 1878 ¬P¶À½º ¬P¶À½º"
"99","¯»½º¬ì Pieridae Duponchel, 1832","¶À½ºÄÝ Eurema Hubner, 1819","Eurema laeta punctissima Matsumura, 1909","Eurema laeta punctissima","Matsumura, 1909","¨¤¯Í¶À½º","ºÝ¶Â¶À½º","",112,"*Eurema laeta punctissima* Matsumura, 1909 ºÝ¶Â¶À½º ¨¤¯Í¶À½º"
"100","¯»½º¬ì Pieridae Duponchel, 1832","¶À½ºÄÝ Eurema Hubner, 1819","Eurema andersoni godana Fruhstorfer, 1910","Eurema andersoni godana","Fruhstorfer, 1910","²H¦â¶À½º","²H¦â¶À½º","",113,"*Eurema andersoni godana* Fruhstorfer, 1910 ²H¦â¶À½º ²H¦â¶À½º"
"101","¯»½º¬ì Pieridae Duponchel, 1832","¶À½ºÄÝ Eurema Hubner, 1819","Eurema hecabe hecabe Linnaeus, 1758","Eurema hecabe hecabe","Linnaeus, 1758","¶À½º","²ü¤ó¶À½º","",114,"*Eurema hecabe hecabe* Linnaeus, 1758 ²ü¤ó¶À½º ¶À½º"
"102","¯»½º¬ì Pieridae Duponchel, 1832","¶À½ºÄÝ Eurema Hubner, 1819","Eurema alitha esakii Shirozu, 1953","Eurema alitha esakii","Shirozu, 1953","®qÀ¬¶À½º","¦¿±T¶À½º","",116,"*Eurema alitha esakii* Shirozu, 1953 ¦¿±T¶À½º ®qÀ¬¶À½º"
"103","¯»½º¬ì Pieridae Duponchel, 1832","¶À½ºÄÝ Eurema Hubner, 1819","Eurema blanda arsakia Fruhstorfer, 1910","Eurema blanda arsakia","Fruhstorfer, 1910","«G¦â¶À½º","¥xÆW¶À½º","",117,"*Eurema blanda arsakia* Fruhstorfer, 1910 ¥xÆW¶À½º «G¦â¶À½º"
"104","¦Ç½º¬ì Lycaenidae Leach, 1815","°H¦Ç½ºÄÝ Taraka Doherty, 1889","Taraka hamada thalaba Fruhstorfer, 1923","Taraka hamada thalaba","Fruhstorfer, 1923","°H¦Ç½º","´Ñ¥Û¤p¦Ç½º","",118,"*Taraka hamada thalaba* Fruhstorfer, 1923 ´Ñ¥Û¤p¦Ç½º °H¦Ç½º"
"105","¦Ç½º¬ì Lycaenidae Leach, 1815","°H¦Ç½ºÄÝ Taraka Doherty, 1889","Spalgis epeus dilama Moore, 1878","Spalgis epeus dilama","Moore, 1878","º³¦Ç½º","¥Õ¯¾¶Â¤p¦Ç½º","",119,"*Spalgis epeus dilama* Moore, 1878 ¥Õ¯¾¶Â¤p¦Ç½º º³¦Ç½º"
"106","¦Ç½º¬ì Lycaenidae Leach, 1815","»È¦Ç½ºÄÝ Curetis Hubner, 1819","Curetis acuta formosana Fruhstorfer, 1908","Curetis acuta formosana","Fruhstorfer, 1908","»È¦Ç½º","»È´³¤p¦Ç½º","",120,"*Curetis acuta formosana* Fruhstorfer, 1908 »È´³¤p¦Ç½º »È¦Ç½º"
"107","¦Ç½º¬ì Lycaenidae Leach, 1815","»È¦Ç½ºÄÝ Curetis Hubner, 1819","Curetis brunnea Wileman, 1909","Curetis brunnea","Wileman, 1909","¥xÆW»È¦Ç½º","¥xÆW»È´³¤p¦Ç½º","¯S¦³ºØ",121,"*Curetis brunnea* Wileman, 1909 ¥xÆW»È´³¤p¦Ç½º ¥xÆW»È¦Ç½º"
"108","¦Ç½º¬ì Lycaenidae Leach, 1815","¤é¦Ç½ºÄÝ Heliophorus Geyer, 1832","Heliophorus ila matsumurae Fruhstorfer, 1908","Heliophorus ila matsumurae","Fruhstorfer, 1908","µµ¤é¦Ç½º","¬õÃä¶À¤p¦Ç½º","",122,"*Heliophorus ila matsumurae* Fruhstorfer, 1908 ¬õÃä¶À¤p¦Ç½º µµ¤é¦Ç½º"
"109","¦Ç½º¬ì Lycaenidae Leach, 1815","µµ¦Ç½ºÄÝ Arhopala Boisduval, 1832","Arhopala ganesa formosana Kato, 1930","Arhopala ganesa formosana","Kato, 1930","½««Cµµ¦Ç½º","¥Õ©³«C¤p¦Ç½º","",123,"*Arhopala ganesa formosana* Kato, 1930 ¥Õ©³«C¤p¦Ç½º ½««Cµµ¦Ç½º"
"110","¦Ç½º¬ì Lycaenidae Leach, 1815","µµ¦Ç½ºÄÝ Arhopala Boisduval, 1832","Arhopala birmana asakurae Matsumura, 1910","Arhopala birmana asakurae","Matsumura, 1910","¤pµµ¦Ç½º","´Â­Ü¤p¦Ç½º","",124,"*Arhopala birmana asakurae* Matsumura, 1910 ´Â­Ü¤p¦Ç½º ¤pµµ¦Ç½º"
"111","¦Ç½º¬ì Lycaenidae Leach, 1815","µµ¦Ç½ºÄÝ Arhopala Boisduval, 1832","Arhopala japonica Murray, 1875","Arhopala japonica","Murray, 1875","¤é¥»µµ¦Ç½º","µµ¤p¦Ç½º","",125,"*Arhopala japonica* Murray, 1875 µµ¤p¦Ç½º ¤é¥»µµ¦Ç½º"
"112","¦Ç½º¬ì Lycaenidae Leach, 1815","µµ¦Ç½ºÄÝ Arhopala Boisduval, 1832","Arhopala rama Kollar, 1848","Arhopala rama","Kollar, 1848","µu§Àµµ¦Ç½º","©Ôº¿¤p¦Ç½º","ºÃ°ÝºØ",126,"*Arhopala rama* Kollar, 1848 ©Ôº¿¤p¦Ç½º µu§Àµµ¦Ç½º"
"113","¦Ç½º¬ì Lycaenidae Leach, 1815","µµ¦Ç½ºÄÝ Arhopala Boisduval, 1832","Arhopala abseus Hewitson, 1862","Arhopala abseus","Hewitson, 1862","¤T§Àµµ¦Ç½º","ÃúªÀµµ¤p¦Ç½º","ºÃ°ÝºØ",127,"*Arhopala abseus* Hewitson, 1862 ÃúªÀµµ¤p¦Ç½º ¤T§Àµµ¦Ç½º"
"114","¦Ç½º¬ì Lycaenidae Leach, 1815","µµ¦Ç½ºÄÝ Arhopala Boisduval, 1832","Arhopala paramuta horishana Matsumura, 1910","Arhopala paramuta horishana","Matsumura, 1910","·t¦âµµ¦Ç½º","®H¨½µµ¤p¦Ç½º","",128,"*Arhopala paramuta horishana* Matsumura, 1910 ®H¨½µµ¤p¦Ç½º ·t¦âµµ¦Ç½º"
"115","¦Ç½º¬ì Lycaenidae Leach, 1815","µµ¦Ç½ºÄÝ Arhopala Boisduval, 1832","Arhopala bazalus turbata Butler, 1882","Arhopala bazalus turbata","Butler, 1882","¿P§Àµµ¦Ç½º","µµ¿P½º","",129,"*Arhopala bazalus turbata* Butler, 1882 µµ¿P½º ¿P§Àµµ¦Ç½º"
"116","¦Ç½º¬ì Lycaenidae Leach, 1815","¥W¯Íµµ¦Ç½ºÄÝ Mahathala Moore, 1878","Mahathala ameria hainani Bethune-Baker, 1903","Mahathala ameria hainani","Bethune-Baker, 1903","¥W¯Íµµ¦Ç½º","¥W¯Íµµ¤p¦Ç½º","",130,"*Mahathala ameria hainani* Bethune-Baker, 1903 ¥W¯Íµµ¤p¦Ç½º ¥W¯Íµµ¦Ç½º"
"117","¦Ç½º¬ì Lycaenidae Leach, 1815","µK¦Ç½ºÄÝ Japonica Tutt, 1907","Japonica patungkoanui Murayama, 1956","Japonica patungkoanui","Murayama, 1956","¥xÆWµK¦Ç½º","¬õ¤p¦Ç½º","¯S¦³ºØ",131,"*Japonica patungkoanui* Murayama, 1956 ¬õ¤p¦Ç½º ¥xÆWµK¦Ç½º"
"118","¦Ç½º¬ì Lycaenidae Leach, 1815","½ê¦Ç½ºÄÝ Ussuriana Tutt, 1907","Ussuriana michaelis takarana Araki & Hirayama, 1941","Ussuriana michaelis takarana","Araki & Hirayama, 1941","½ê¦Ç½º","Ä_®q¤p¦Ç½º","",132,"*Ussuriana michaelis takarana* Araki & Hirayama, 1941 Ä_®q¤p¦Ç½º ½ê¦Ç½º"
"119","¦Ç½º¬ì Lycaenidae Leach, 1815","ÏÈ¦Ç½ºÄÝ Cordelia Shirozu & Yamamoto, 1956","Cordelia comes wilemaniella Matsumura, 1929","Cordelia comes wilemaniella","Matsumura, 1929","ÏÈ¦Ç½º","¥xÆW¬õ¤p¦Ç½º","",133,"*Cordelia comes wilemaniella* Matsumura, 1929 ¥xÆW¬õ¤p¦Ç½º ÏÈ¦Ç½º"
"120","¦Ç½º¬ì Lycaenidae Leach, 1815","¾¥ÂI¦Ç½ºÄÝ Araragi Sibatani & Ito, 1942","Araragi enthea morisonensis M. Inoue, 1942","Araragi enthea morisonensis","M. Inoue, 1942","¾¥ÂI¦Ç½º","ªø§À¤p¦Ç½º","",134,"*Araragi enthea morisonensis* M. Inoue, 1942 ªø§À¤p¦Ç½º ¾¥ÂI¦Ç½º"
"121","¦Ç½º¬ì Lycaenidae Leach, 1815","§é½u¦Ç½ºÄÝ Antigius Sibatani & Ito, 1942","Antigius attilia obsoletus Takeuchi, 1929","Antigius attilia obsoletus","Takeuchi, 1929","§é½u¦Ç½º","²H²M¤p¦Ç½º","",135,"*Antigius attilia obsoletus* Takeuchi, 1929 ²H²M¤p¦Ç½º §é½u¦Ç½º"
"122","¦Ç½º¬ì Lycaenidae Leach, 1815","§é½u¦Ç½ºÄÝ Antigius Sibatani & Ito, 1942","Antigius jinpingi Hsu, 2009","Antigius jinpingi","Hsu, 2009","ÀA¥­§é½u¦Ç½º","","¯S¦³ºØ",136,"*Antigius jinpingi* Hsu, 2009  ÀA¥­§é½u¦Ç½º"
"123","¦Ç½º¬ì Lycaenidae Leach, 1815","½u¦Ç½ºÄÝ Wagimo Sibatani & Ito, 1942","Wagimo insularis Shirozu, 1957","Wagimo insularis","Shirozu, 1957","¥xÆW½u¦Ç½º","¯Í©³¤T½u¤p¦Ç½º","",137,"*Wagimo insularis* Shirozu, 1957 ¯Í©³¤T½u¤p¦Ç½º ¥xÆW½u¦Ç½º"
"124","¦Ç½º¬ì Lycaenidae Leach, 1815","Än¦Ç½ºÄÝ Leucantigius Shirozu & Murayama, 1951","Leucantigius atayalicus Shirozu & Murayama, 1943","Leucantigius atayalicus","Shirozu & Murayama, 1943","Än¦Ç½º","®V¥Õ¤p¦Ç½º","",138,"*Leucantigius atayalicus* Shirozu & Murayama, 1943 ®V¥Õ¤p¦Ç½º Än¦Ç½º"
"125","¦Ç½º¬ì Lycaenidae Leach, 1815","®Ô¦Ç½ºÄÝ Ravenna Shirozu & Yamamoto, 1956","Ravenna nivea Nire, 1920","Ravenna nivea","Nire, 1920","®Ô¦Ç½º","¥Õ¤p¦Ç½º","",139,"*Ravenna nivea* Nire, 1920 ¥Õ¤p¦Ç½º ®Ô¦Ç½º"
"126","¦Ç½º¬ì Lycaenidae Leach, 1815","¯]¦Ç½ºÄÝ Iratsume Sibatani & Ito, 1942","Iratsume orsedice suzukii Sonan, 1940","Iratsume orsedice suzukii","Sonan, 1940","¯]¦Ç½º","¶Â©³¤p¦Ç½º","",140,"*Iratsume orsedice suzukii* Sonan, 1940 ¶Â©³¤p¦Ç½º ¯]¦Ç½º"
"127","¦Ç½º¬ì Lycaenidae Leach, 1815","èl¦Ç½ºÄÝ Euaspa Moore, 1884","Euaspa milionia formosana Nomura, 1931","Euaspa milionia formosana","Nomura, 1931","èl¦Ç½º","¥xÆW³æ±a¤p¦Ç½º","",141,"*Euaspa milionia formosana* Nomura, 1931 ¥xÆW³æ±a¤p¦Ç½º èl¦Ç½º"
"128","¦Ç½º¬ì Lycaenidae Leach, 1815","èl¦Ç½ºÄÝ Euaspa Moore, 1884","Euaspa forsteri Esaki & Shirozu, 1943","Euaspa forsteri","Esaki & Shirozu, 1943","¥ñ¤óèl¦Ç½º","¥ñ¤óºñ¤p¦Ç½º","",142,"*Euaspa forsteri* Esaki & Shirozu, 1943 ¥ñ¤óºñ¤p¦Ç½º ¥ñ¤óèl¦Ç½º"
"129","¦Ç½º¬ì Lycaenidae Leach, 1815","èl¦Ç½ºÄÝ Euaspa Moore, 1884","Euaspa tayal Esaki & Shirozu, 1943","Euaspa tayal","Esaki & Shirozu, 1943","®õ¶®èl¦Ç½º","®õ¶®ºñ¤p¦Ç½º","¯S¦³ºØ",143,"*Euaspa tayal* Esaki & Shirozu, 1943 ®õ¶®ºñ¤p¦Ç½º ®õ¶®èl¦Ç½º"
"130","¦Ç½º¬ì Lycaenidae Leach, 1815","ÅK¦Ç½ºÄÝ Teratozephyrus Sibatani, 1946","Teratozephyrus arisanus Wileman, 1909","Teratozephyrus arisanus","Wileman, 1909","ªü¨½¤sÅK¦Ç½º","ªü¨½¤sªø§À¤p¦Ç½º","",144,"*Teratozephyrus arisanus* Wileman, 1909 ªü¨½¤sªø§À¤p¦Ç½º ªü¨½¤sÅK¦Ç½º"
"131","¦Ç½º¬ì Lycaenidae Leach, 1815","ÅK¦Ç½ºÄÝ Teratozephyrus Sibatani, 1946","Teratozephyrus yugaii Kano, 1928","Teratozephyrus yugaii","Kano, 1928","¥xÆWÅK¦Ç½º","¥É¤sªø§À¤p¦Ç½º","¯S¦³ºØ",145,"*Teratozephyrus yugaii* Kano, 1928 ¥É¤sªø§À¤p¦Ç½º ¥xÆWÅK¦Ç½º"
"132","¦Ç½º¬ì Lycaenidae Leach, 1815","ÅK¦Ç½ºÄÝ Teratozephyrus Sibatani, 1946","Teratozephyrus elatus Hsu & Lu, 2005","Teratozephyrus elatus","Hsu & Lu, 2005","°ª¤sÅK¦Ç½º","°ª¤sÅK¦Ç½º","¯S¦³ºØ",146,"*Teratozephyrus elatus* Hsu & Lu, 2005 °ª¤sÅK¦Ç½º °ª¤sÅK¦Ç½º"
"133","¦Ç½º¬ì Lycaenidae Leach, 1815","âN»A¦Ç½ºÄÝ Neozephyrus Sibatani & Ito, 1942","Neozephyrus taiwanus Wileman, 1908","Neozephyrus taiwanus","Wileman, 1908","¥xÆWâN»A¦Ç½º","¼eÃäºñ¤p¦Ç½º","¯S¦³ºØ",147,"*Neozephyrus taiwanus* Wileman, 1908 ¼eÃäºñ¤p¦Ç½º ¥xÆWâN»A¦Ç½º"
"134","¦Ç½º¬ì Lycaenidae Leach, 1815","âN»A¦Ç½ºÄÝ Neozephyrus Sibatani & Ito, 1942","Neozephyrus japonicus Murray, 1875","Neozephyrus japonicus","Murray, 1875","¤é¥»âN»A¦Ç½º","¤é¥»ºñ¤p¦Ç½º","ºÃ°ÝºØ",148,"*Neozephyrus japonicus* Murray, 1875 ¤é¥»ºñ¤p¦Ç½º ¤é¥»âN»A¦Ç½º"
"135","¦Ç½º¬ì Lycaenidae Leach, 1815","»A¦Ç½ºÄÝ Chrysozephyrus Shirozu & Yamamoto, 1956","Chrysozephyrus esakii Sonan, 1940","Chrysozephyrus esakii","Sonan, 1940","ºÑ»A¦Ç½º","¦¿±Tºñ¤p¦Ç½º","",149,"*Chrysozephyrus esakii* Sonan, 1940 ¦¿±Tºñ¤p¦Ç½º ºÑ»A¦Ç½º"
"136","¦Ç½º¬ì Lycaenidae Leach, 1815","»A¦Ç½ºÄÝ Chrysozephyrus Shirozu & Yamamoto, 1956","Chrysozephyrus nishikaze Araki & Sibatani, 1941","Chrysozephyrus nishikaze","Araki & Sibatani, 1941","¦è­·»A¦Ç½º","¦è­·ºñ¤p¦Ç½º","¯S¦³ºØ",150,"*Chrysozephyrus nishikaze* Araki & Sibatani, 1941 ¦è­·ºñ¤p¦Ç½º ¦è­·»A¦Ç½º"
"137","¦Ç½º¬ì Lycaenidae Leach, 1815","»A¦Ç½ºÄÝ Chrysozephyrus Shirozu & Yamamoto, 1956","Chrysozephyrus kabrua niitakanus Kano, 1928","Chrysozephyrus kabrua niitakanus","Kano, 1928","¶À°{»A¦Ç½º","¥É¤sºñ¤p¦Ç½º","",151,"*Chrysozephyrus kabrua niitakanus* Kano, 1928 ¥É¤sºñ¤p¦Ç½º ¶À°{»A¦Ç½º"
"138","¦Ç½º¬ì Lycaenidae Leach, 1815","»A¦Ç½ºÄÝ Chrysozephyrus Shirozu & Yamamoto, 1956","Chrysozephyrus disparatus pseudotaiwanus Howarth, 1957","Chrysozephyrus disparatus pseudotaiwanus","Howarth, 1957","¤p»A¦Ç½º","¥xÆWºñ¤p¦Ç½º","",152,"*Chrysozephyrus disparatus pseudotaiwanus* Howarth, 1957 ¥xÆWºñ¤p¦Ç½º ¤p»A¦Ç½º"
"139","¦Ç½º¬ì Lycaenidae Leach, 1815","»A¦Ç½ºÄÝ Chrysozephyrus Shirozu & Yamamoto, 1956","Chrysozephyrus rarasanus Matsumura, 1939","Chrysozephyrus rarasanus","Matsumura, 1939","©Ô©Ô¤s»A¦Ç½º","©Ô©Ô¤sºñ¤p¦Ç½º","",153,"*Chrysozephyrus rarasanus* Matsumura, 1939 ©Ô©Ô¤sºñ¤p¦Ç½º ©Ô©Ô¤s»A¦Ç½º"
"140","¦Ç½º¬ì Lycaenidae Leach, 1815","»A¦Ç½ºÄÝ Chrysozephyrus Shirozu & Yamamoto, 1956","Chrysozephyrus mushaellus Matsumura, 1938","Chrysozephyrus mushaellus","Matsumura, 1938","ÃúªÀ»A¦Ç½º","ÃúªÀºñ¤p¦Ç½º","",154,"*Chrysozephyrus mushaellus* Matsumura, 1938 ÃúªÀºñ¤p¦Ç½º ÃúªÀ»A¦Ç½º"
"141","¦Ç½º¬ì Lycaenidae Leach, 1815","»A¦Ç½ºÄÝ Chrysozephyrus Shirozu & Yamamoto, 1956","Chrysozephyrus yuchingkinus Murayama & Shimonoya, 1965","Chrysozephyrus yuchingkinus","Murayama & Shimonoya, 1965","²Mª÷»A¦Ç½º","²Mª÷ºñ¤p¦Ç½º","¯S¦³ºØ",155,"*Chrysozephyrus yuchingkinus* Murayama & Shimonoya, 1965 ²Mª÷ºñ¤p¦Ç½º ²Mª÷»A¦Ç½º"
"142","¦Ç½º¬ì Lycaenidae Leach, 1815","»A¦Ç½ºÄÝ Chrysozephyrus Shirozu & Yamamoto, 1956","Chrysozephyrus splendidulus Murayama & Shimonoya, 1965","Chrysozephyrus splendidulus","Murayama & Shimonoya, 1965","³æ½u»A¦Ç½º","³æ±aºñ¤p¦Ç½º","¯S¦³ºØ",156,"*Chrysozephyrus splendidulus* Murayama & Shimonoya, 1965 ³æ±aºñ¤p¦Ç½º ³æ½u»A¦Ç½º"
"143","¦Ç½º¬ì Lycaenidae Leach, 1815","»A¦Ç½ºÄÝ Chrysozephyrus Shirozu & Yamamoto, 1956","Chrysozephyrus ataxus lingi Okano & Okura, 1969","Chrysozephyrus ataxus lingi","Okano & Okura, 1969","¥Õ¨~»A¦Ç½º","½´µÜºñ¤p¦Ç½º","",157,"*Chrysozephyrus ataxus lingi* Okano & Okura, 1969 ½´µÜºñ¤p¦Ç½º ¥Õ¨~»A¦Ç½º"
"144","¦Ç½º¬ì Lycaenidae Leach, 1815","½A¦Ç½ºÄÝ Sibataniozephyrus Inomata, 1986","Sibataniozephyrus kuafui Hsu & Lin, 1994","Sibataniozephyrus kuafui","Hsu & Lin, 1994","¦j¤÷½A¦Ç½º","¦j¤÷ºñ¤p¦Ç½º","¯S¦³ºØ",158,"*Sibataniozephyrus kuafui* Hsu & Lin, 1994 ¦j¤÷ºñ¤p¦Ç½º ¦j¤÷½A¦Ç½º"
"145","¦Ç½º¬ì Lycaenidae Leach, 1815","¦y¦Ç½ºÄÝ Amblopala Leech, 1893","Amblopala avidiena y-fasciata Sonan, 1929","Amblopala avidiena y","y-fasciata Sonan, 1929","¦y¦Ç½º","¬n¯¾¤p¦Ç½º","",159,"*Amblopala avidiena y* y-fasciata Sonan, 1929 ¬n¯¾¤p¦Ç½º ¦y¦Ç½º"
"146","¦Ç½º¬ì Lycaenidae Leach, 1815","«C¦Ç½ºÄÝ Tajuria Moore, 1881","Tajuria caerulea Nire, 1920","Tajuria caerulea","Nire, 1920","½Å¯Í«C¦Ç½º","½Å©³«C¤p¦Ç½º","¯S¦³ºØ",160,"*Tajuria caerulea* Nire, 1920 ½Å©³«C¤p¦Ç½º ½Å¯Í«C¦Ç½º"
"147","¦Ç½º¬ì Lycaenidae Leach, 1815","«C¦Ç½ºÄÝ Tajuria Moore, 1881","Tajuria diaeus karenkonis Matsumura, 1929","Tajuria diaeus karenkonis","Matsumura, 1929","¥Õ¸¡«C¦Ç½º","ªá½¬«C¤p¦Ç½º","",161,"*Tajuria diaeus karenkonis* Matsumura, 1929 ªá½¬«C¤p¦Ç½º ¥Õ¸¡«C¦Ç½º"
"148","¦Ç½º¬ì Lycaenidae Leach, 1815","«C¦Ç½ºÄÝ Tajuria Moore, 1881","Tajuria illurgis tattaka Araki, 1949","Tajuria illurgis tattaka","Araki, 1949","º§¯¾«C¦Ç½º","º§¯¾¤p¦Ç½º","",162,"*Tajuria illurgis tattaka* Araki, 1949 º§¯¾¤p¦Ç½º º§¯¾«C¦Ç½º"
"149","¦Ç½º¬ì Lycaenidae Leach, 1815","«C¦Ç½ºÄÝ Tajuria Moore, 1881","Tajuria illurgioides minekoae Morita, 1996","Tajuria illurgioides minekoae","Morita, 1996","°²º§¯¾«C¦Ç½º","°²º§¯¾¤p¦Ç½º","ºÃ°ÝºØ",163,"*Tajuria illurgioides minekoae* Morita, 1996 °²º§¯¾¤p¦Ç½º °²º§¯¾«C¦Ç½º"
"150","¦Ç½º¬ì Lycaenidae Leach, 1815","¹f¦Ç½ºÄÝ Ancema Eliot, 1973","Ancema ctesia cakravasti Fruhstorfer, 1909","Ancema ctesia cakravasti","Fruhstorfer, 1909","¹f¦Ç½º","¶Â¬P¯[¼þ¤p¦Ç½º","",164,"*Ancema ctesia cakravasti* Fruhstorfer, 1909 ¶Â¬P¯[¼þ¤p¦Ç½º ¹f¦Ç½º"
"151","¦Ç½º¬ì Lycaenidae Leach, 1815","Äõ¦Ç½ºÄÝ Hypolycaena C. & R. Felder, 1862","Hypolycaena kina inari Wileman, 1908","Hypolycaena kina inari","Wileman, 1908","Äõ¦Ç½º","Âù§À¯[¼þ¤p¦Ç½º","",165,"*Hypolycaena kina inari* Wileman, 1908 Âù§À¯[¼þ¤p¦Ç½º Äõ¦Ç½º"
"152","¦Ç½º¬ì Lycaenidae Leach, 1815","Äõ¦Ç½ºÄÝ Hypolycaena C. & R. Felder, 1862","Hypolycaena vanavasa Fruhstorfer, 1909","Hypolycaena vanavasa","Fruhstorfer, 1909","¤pÄõ¦Ç½º","®VÂù§À¯[¼þ¤p¦Ç½º","ºÃ°ÝºØ",166,"*Hypolycaena vanavasa* Fruhstorfer, 1909 ®VÂù§À¯[¼þ¤p¦Ç½º ¤pÄõ¦Ç½º"
"153","¦Ç½º¬ì Lycaenidae Leach, 1815","Äõ¦Ç½ºÄÝ Hypolycaena C. & R. Felder, 1862","Hypolycaena othona Hewitson, 1865","Hypolycaena othona","Hewitson, 1865","¼ö±aÄõ¦Ç½º","²H½ÅÂù§À¯[¼þ¤p¦Ç½º","",167,"*Hypolycaena othona* Hewitson, 1865 ²H½ÅÂù§À¯[¼þ¤p¦Ç½º ¼ö±aÄõ¦Ç½º"
"154","¦Ç½º¬ì Lycaenidae Leach, 1815","¬Å¦Ç½ºÄÝ Deudorix Hewitson, 1863","Deudorix epijarbas menesicles Fruhstorfer, 1912","Deudorix epijarbas menesicles","Fruhstorfer, 1912","¬Å¦Ç½º","«í¬K¤p¦Ç½º","",168,"*Deudorix epijarbas menesicles* Fruhstorfer, 1912 «í¬K¤p¦Ç½º ¬Å¦Ç½º"
"155","¦Ç½º¬ì Lycaenidae Leach, 1815","¬Å¦Ç½ºÄÝ Deudorix Hewitson, 1863","Deudorix repercussa sankakuhonis Matsumura, 1938","Deudorix repercussa sankakuhonis","Matsumura, 1938","¯ù¯Í¬Å¦Ç½º","¤T¨¤®p¤p¦Ç½º","",169,"*Deudorix repercussa sankakuhonis* Matsumura, 1938 ¤T¨¤®p¤p¦Ç½º ¯ù¯Í¬Å¦Ç½º"
"156","¦Ç½º¬ì Lycaenidae Leach, 1815","¬Å¦Ç½ºÄÝ Deudorix Hewitson, 1863","Deudorix rapaloides Naritomi, 1941","Deudorix rapaloides","Naritomi, 1941","²H¶Â¬Å¦Ç½º","²H¶Â¤p¦Ç½º","¯S¦³ºØ",170,"*Deudorix rapaloides* Naritomi, 1941 ²H¶Â¤p¦Ç½º ²H¶Â¬Å¦Ç½º"
"157","¦Ç½º¬ì Lycaenidae Leach, 1815","ºñ¦Ç½ºÄÝ Artipe Boisduval, 1870","Artipe eryx horiella Matsumura, 1929","Artipe eryx horiella","Matsumura, 1929","ºñ¦Ç½º","ºñ©³¤p¦Ç½º","",171,"*Artipe eryx horiella* Matsumura, 1929 ºñ©³¤p¦Ç½º ºñ¦Ç½º"
"158","¦Ç½º¬ì Lycaenidae Leach, 1815","°{¦Ç½ºÄÝ Sinthusa Moore, 1884","Sinthusa chandrana kuyaniana Matsumura, 1919","Sinthusa chandrana kuyaniana","Matsumura, 1919","°{¦Ç½º","¹Å¸q¤p¦Ç½º","",172,"*Sinthusa chandrana kuyaniana* Matsumura, 1919 ¹Å¸q¤p¦Ç½º °{¦Ç½º"
"159","¦Ç½º¬ì Lycaenidae Leach, 1815","¿P¦Ç½ºÄÝ Rapala Moore, 1881","Rapala caerulea liliacea Nire, 1920","Rapala caerulea liliacea","Nire, 1920","Ô»±m¿P¦Ç½º","²Hµµ¤p¦Ç½º","",173,"*Rapala caerulea liliacea* Nire, 1920 ²Hµµ¤p¦Ç½º Ô»±m¿P¦Ç½º"
"160","¦Ç½º¬ì Lycaenidae Leach, 1815","¿P¦Ç½ºÄÝ Rapala Moore, 1881","Rapala varuna formosana Fruhstorfer, 1912","Rapala varuna formosana","Fruhstorfer, 1912","¿P¦Ç½º","¾Á¤B¤p¦Ç½º","",174,"*Rapala varuna formosana* Fruhstorfer, 1912 ¾Á¤B¤p¦Ç½º ¿P¦Ç½º"
"161","¦Ç½º¬ì Lycaenidae Leach, 1815","¿P¦Ç½ºÄÝ Rapala Moore, 1881","Rapala nissa hirayamana Matsumura, 1926","Rapala nissa hirayamana","Matsumura, 1926","ÀO±m¿P¦Ç½º","¥­¤s¤p¦Ç½º","",175,"*Rapala nissa hirayamana* Matsumura, 1926 ¥­¤s¤p¦Ç½º ÀO±m¿P¦Ç½º"
"162","¦Ç½º¬ì Lycaenidae Leach, 1815","¿P¦Ç½ºÄÝ Rapala Moore, 1881","Rapala takasagonis Matsumura, 1929","Rapala takasagonis","Matsumura, 1929","°ª¬â¿P¦Ç½º","°ª¬â¤p¦Ç½º","¯S¦³ºØ",176,"*Rapala takasagonis* Matsumura, 1929 °ª¬â¤p¦Ç½º °ª¬â¿P¦Ç½º"
"163","¦Ç½º¬ì Lycaenidae Leach, 1815","Åx¦Ç½ºÄÝ Satyrium Tutt, 1876","Satyrium formosanum Matsumura, 1910","Satyrium formosanum","Matsumura, 1910","¥xÆWÅx¦Ç½º","½´µÜ¯Q¤p¦Ç½º","",177,"*Satyrium formosanum* Matsumura, 1910 ½´µÜ¯Q¤p¦Ç½º ¥xÆWÅx¦Ç½º"
"164","¦Ç½º¬ì Lycaenidae Leach, 1815","Åx¦Ç½ºÄÝ Satyrium Tutt, 1876","Satyrium eximium mushanum Matsumura, 1929","Satyrium eximium mushanum","Matsumura, 1929","¨qÅx¦Ç½º","ÃúªÀ¯Q¤p¦Ç½º","",178,"*Satyrium eximium mushanum* Matsumura, 1929 ÃúªÀ¯Q¤p¦Ç½º ¨qÅx¦Ç½º"
"165","¦Ç½º¬ì Lycaenidae Leach, 1815","Åx¦Ç½ºÄÝ Satyrium Tutt, 1876","Satyrium tanakai Shirozu, 1943","Satyrium tanakai","Shirozu, 1943","¥Ð¤¤Åx¦Ç½º","¥Ð¤¤¯Q¤p¦Ç½º","¯S¦³ºØ",179,"*Satyrium tanakai* Shirozu, 1943 ¥Ð¤¤¯Q¤p¦Ç½º ¥Ð¤¤Åx¦Ç½º"
"166","¦Ç½º¬ì Lycaenidae Leach, 1815","Åx¦Ç½ºÄÝ Satyrium Tutt, 1876","Satyrium esakii Shirozu, 1941","Satyrium esakii","Shirozu, 1941","¦¿±TÅx¦Ç½º","¦¿±T¯Q¤p¦Ç½º","¯S¦³ºØ",180,"*Satyrium esakii* Shirozu, 1941 ¦¿±T¯Q¤p¦Ç½º ¦¿±TÅx¦Ç½º"
"167","¦Ç½º¬ì Lycaenidae Leach, 1815","Åx¦Ç½ºÄÝ Satyrium Tutt, 1876","Satyrium inouei Shirozu, 1959","Satyrium inouei","Shirozu, 1959","¤«¤WÅx¦Ç½º","¤«¤W¯Q¤p¦Ç½º","",181,"*Satyrium inouei* Shirozu, 1959 ¤«¤W¯Q¤p¦Ç½º ¤«¤WÅx¦Ç½º"
"168","¦Ç½º¬ì Lycaenidae Leach, 1815","Åx¦Ç½ºÄÝ Satyrium Tutt, 1876","Satyrium austrinum Murayama, 1943","Satyrium austrinum","Murayama, 1943","«n¤èÅx¦Ç½º","¥Õ©³¯Q¤p¦Ç½º","",182,"*Satyrium austrinum* Murayama, 1943 ¥Õ©³¯Q¤p¦Ç½º «n¤èÅx¦Ç½º"
"169","¦Ç½º¬ì Lycaenidae Leach, 1815","¯Q¦Ç½ºÄÝ Fixsenia Tutt, 1907","Fixsenia watarii Matsumura, 1927","Fixsenia watarii","Matsumura, 1927","´ç¤ó¯Q¦Ç½º","´ç¤ó¯Q¤p¦Ç½º","¯S¦³ºØ",183,"*Fixsenia watarii* Matsumura, 1927 ´ç¤ó¯Q¤p¦Ç½º ´ç¤ó¯Q¦Ç½º"
"170","¦Ç½º¬ì Lycaenidae Leach, 1815","Æp¦Ç½ºÄÝ Horaga Moore, 1881","Horaga onyx moltrechti Matsumura, 1919","Horaga onyx moltrechti","Matsumura, 1919","Æp¦Ç½º","¤T§À¤p¦Ç½º","",184,"*Horaga onyx moltrechti* Matsumura, 1919 ¤T§À¤p¦Ç½º Æp¦Ç½º"
"171","¦Ç½º¬ì Lycaenidae Leach, 1815","Æp¦Ç½ºÄÝ Horaga Moore, 1881","Horaga albimacula triumphalis Murayama & Shibatani, 1943","Horaga albimacula triumphalis","Murayama & Shibatani, 1943","¤pÆp¦Ç½º","®V¤T§À¤p¦Ç½º","",185,"*Horaga albimacula triumphalis* Murayama & Shibatani, 1943 ®V¤T§À¤p¦Ç½º ¤pÆp¦Ç½º"
"172","¦Ç½º¬ì Lycaenidae Leach, 1815","Æp¦Ç½ºÄÝ Horaga Moore, 1881","Horaga rarasana Sonan, 1936","Horaga rarasana","Sonan, 1936","©Ô©Ô¤sÆp¦Ç½º","©Ô©Ô¤s¤T§À¤p¦Ç½º","¯S¦³ºØ",186,"*Horaga rarasana* Sonan, 1936 ©Ô©Ô¤s¤T§À¤p¦Ç½º ©Ô©Ô¤sÆp¦Ç½º"
"173","¦Ç½º¬ì Lycaenidae Leach, 1815","¤T§À¦Ç½ºÄÝ Catapaecilma Bulter, 1879","Catapaecilma major moltrechti Wileman, 1908","Catapaecilma major moltrechti","Wileman, 1908","¤T§À¦Ç½º","»È±a¤T§À¤p¦Ç½º","",187,"*Catapaecilma major moltrechti* Wileman, 1908 »È±a¤T§À¤p¦Ç½º ¤T§À¦Ç½º"
"174","¦Ç½º¬ì Lycaenidae Leach, 1815","ªê¦Ç½ºÄÝ Spindasis Wallengren, 1857","Spindasis lohita formosana Moore, 1877","Spindasis lohita formosana","Moore, 1877","ªê¦Ç½º","¥xÆWÂù§À¿P½º","",188,"*Spindasis lohita formosana* Moore, 1877 ¥xÆWÂù§À¿P½º ªê¦Ç½º"
"175","¦Ç½º¬ì Lycaenidae Leach, 1815","ªê¦Ç½ºÄÝ Spindasis Wallengren, 1857","Spindasis syama Horsfield, 1829","Spindasis syama","Horsfield, 1829","¤T´³ªê¦Ç½º","¤T¬PÂù§À¿P½º","",189,"*Spindasis syama* Horsfield, 1829 ¤T¬PÂù§À¿P½º ¤T´³ªê¦Ç½º"
"176","¦Ç½º¬ì Lycaenidae Leach, 1815","ªê¦Ç½ºÄÝ Spindasis Wallengren, 1857","Spindasis kuyaniana Matsumura, 1919","Spindasis kuyaniana","Matsumura, 1919","½´µÜªê¦Ç½º","®VÂù§À¿P½º","¯S¦³ºØ",190,"*Spindasis kuyaniana* Matsumura, 1919 ®VÂù§À¿P½º ½´µÜªê¦Ç½º"
"177","¦Ç½º¬ì Lycaenidae Leach, 1815","¶Â¦Ç½ºÄÝ Niphanda Moore, 1875","Niphanda fusca formosensis Matsumura, 1929","Niphanda fusca formosensis","Matsumura, 1929","¶Â¦Ç½º","¶Â¤p¦Ç½º","ºÃ°ÝºØ",191,"*Niphanda fusca formosensis* Matsumura, 1929 ¶Â¤p¦Ç½º ¶Â¦Ç½º"
"178","¦Ç½º¬ì Lycaenidae Leach, 1815","¿÷¦Ç½ºÄÝ Orthomiella de Niceville, 1890","Orthomiella rantaizana Wileman, 1910","Orthomiella rantaizana","Wileman, 1910","År¤j¿÷¦Ç½º","År¤j¤p¦Ç½º","",192,"*Orthomiella rantaizana* Wileman, 1910 År¤j¤p¦Ç½º År¤j¿÷¦Ç½º"
"179","¦Ç½º¬ì Lycaenidae Leach, 1815","®Rªi¦Ç½ºÄÝ Nacaduba Moore, 1881","Nacaduba kurava therasia Fruhstorfer, 1916","Nacaduba kurava therasia","Fruhstorfer, 1916","¤j®Rªi¦Ç½º","®H¨½ªi¯¾¤p¦Ç½º","",193,"*Nacaduba kurava therasia* Fruhstorfer, 1916 ®H¨½ªi¯¾¤p¦Ç½º ¤j®Rªi¦Ç½º"
"180","¦Ç½º¬ì Lycaenidae Leach, 1815","®Rªi¦Ç½ºÄÝ Nacaduba Moore, 1881","Nacaduba beroe asakusa Fruhstorfer, 1916","Nacaduba beroe asakusa","Fruhstorfer, 1916","«n¤è®Rªi¦Ç½º","«n¤èªi¯¾¤p¦Ç½º","",194,"*Nacaduba beroe asakusa* Fruhstorfer, 1916 «n¤èªi¯¾¤p¦Ç½º «n¤è®Rªi¦Ç½º"
"181","¦Ç½º¬ì Lycaenidae Leach, 1815","®Rªi¦Ç½ºÄÝ Nacaduba Moore, 1881","Nacaduba berenice leei Hsu, 1990","Nacaduba berenice leei","Hsu, 1990","¼ö±a®Rªi¦Ç½º","¼ö±aªi¯¾¤p¦Ç½º","",195,"*Nacaduba berenice leei* Hsu, 1990 ¼ö±aªi¯¾¤p¦Ç½º ¼ö±a®Rªi¦Ç½º"
"182","¦Ç½º¬ì Lycaenidae Leach, 1815","®Rªi¦Ç½ºÄÝ Nacaduba Moore, 1881","Nacaduba pactolus hainani Bethune-Baker, 1914","Nacaduba pactolus hainani","Bethune-Baker, 1914","·t¦â®Rªi¦Ç½º","¶Âªi¯¾¤p¦Ç½º","",196,"*Nacaduba pactolus hainani* Bethune-Baker, 1914 ¶Âªi¯¾¤p¦Ç½º ·t¦â®Rªi¦Ç½º"
"183","¦Ç½º¬ì Lycaenidae Leach, 1815","ªi¦Ç½ºÄÝ Prosotas Durce, 1891","Prosotas nora formosana Fruhstorfer, 1916","Prosotas nora formosana","Fruhstorfer, 1916","ªi¦Ç½º","®Vªi¯¾¤p¦Ç½º","",197,"*Prosotas nora formosana* Fruhstorfer, 1916 ®Vªi¯¾¤p¦Ç½º ªi¦Ç½º"
"184","¦Ç½º¬ì Lycaenidae Leach, 1815","ªi¦Ç½ºÄÝ Prosotas Durce, 1891","Prosotas dubiosa asbolodes Hsu & Yen, 2006","Prosotas dubiosa asbolodes","Hsu & Yen, 2006","±K¯¾ªi¦Ç½º","","",198,"*Prosotas dubiosa asbolodes* Hsu & Yen, 2006  ±K¯¾ªi¦Ç½º"
"185","¦Ç½º¬ì Lycaenidae Leach, 1815","ªi¦Ç½ºÄÝ Prosotas Durce, 1891","Prosotas gracilis gracilis Rober, 1886","Prosotas gracilis gracilis","Rober, 1886","¯¶¯Íªi¦Ç½º","","°¸²£ºØ",199,"*Prosotas gracilis gracilis* Rober, 1886  ¯¶¯Íªi¦Ç½º"
"186","¦Ç½º¬ì Lycaenidae Leach, 1815","¶Â¦Cªi¦Ç½ºÄÝ Nothodanis Hirowatari, 1992","Nothodanis schaeffera Eschscholtz, 1821","Nothodanis schaeffera","Eschscholtz, 1821","¶Â¦Cªi¦Ç½º","ÄõÀ¬¤p¦Ç½º","°¸²£ºØ",200,"*Nothodanis schaeffera* Eschscholtz, 1821 ÄõÀ¬¤p¦Ç½º ¶Â¦Cªi¦Ç½º"
"187","¦Ç½º¬ì Lycaenidae Leach, 1815","¦±ªi¦Ç½ºÄÝ Catopyrops Toxopeus, 1930","Catopyrops ancyra almora Druce, 1873","Catopyrops ancyra almora","Druce, 1873","¦±ªi¦Ç½º","","©w©~°¸²£ºØ",201,"*Catopyrops ancyra almora* Druce, 1873  ¦±ªi¦Ç½º"
"188","¦Ç½º¬ì Lycaenidae Leach, 1815","¶®ªi¦Ç½ºÄÝ Jamides Hubner, 1819","Jamides bochus formosanus Fruhstorfer, 1909","Jamides bochus formosanus","Fruhstorfer, 1909","¶®ªi¦Ç½º","¯[¼þªi¯¾¤p¦Ç½º","",202,"*Jamides bochus formosanus* Fruhstorfer, 1909 ¯[¼þªi¯¾¤p¦Ç½º ¶®ªi¦Ç½º"
"189","¦Ç½º¬ì Lycaenidae Leach, 1815","¶®ªi¦Ç½ºÄÝ Jamides Hubner, 1819","Jamides alecto dromicus Fruhstorfer, 1910","Jamides alecto dromicus","Fruhstorfer, 1910","²H«C¶®ªi¦Ç½º","¥Õªi¯¾¤p¦Ç½º","",203,"*Jamides alecto dromicus* Fruhstorfer, 1910 ¥Õªi¯¾¤p¦Ç½º ²H«C¶®ªi¦Ç½º"
"190","¦Ç½º¬ì Lycaenidae Leach, 1815","¶®ªi¦Ç½ºÄÝ Jamides Hubner, 1819","Jamides celeno celeno Cramer, 1775","Jamides celeno celeno","Cramer, 1775","¥Õ¶®ªi¦Ç½º","¤p¥Õªi¯¾¤p¦Ç½º","",204,"*Jamides celeno celeno* Cramer, 1775 ¤p¥Õªi¯¾¤p¦Ç½º ¥Õ¶®ªi¦Ç½º"
"191","¦Ç½º¬ì Lycaenidae Leach, 1815","¶®ªi¦Ç½ºÄÝ Jamides Hubner, 1819","Jamides cleodus C. & R. Felder, 1865","Jamides cleodus","C. & R. Felder, 1865","°{¶®ªi¦Ç½º","µD·Ë¤p¦Ç½º","ºÃ°ÝºØ",205,"*Jamides cleodus* C. & R. Felder, 1865 µD·Ë¤p¦Ç½º °{¶®ªi¦Ç½º"
"192","¦Ç½º¬ì Lycaenidae Leach, 1815","ÏÉªi¦Ç½ºÄÝ Catochrysops Boisduval, 1832","Catochrysops panormus exiguus Distant, 1886","Catochrysops panormus exiguus","Distant, 1886","«CÏÉªi¦Ç½º","²H«Cªø§Àªi¯¾¤p¦Ç½º","",206,"*Catochrysops panormus exiguus* Distant, 1886 ²H«Cªø§Àªi¯¾¤p¦Ç½º «CÏÉªi¦Ç½º"
"193","¦Ç½º¬ì Lycaenidae Leach, 1815","ÏÉªi¦Ç½ºÄÝ Catochrysops Boisduval, 1832","Catochrysops strabo luzonensis Tite, 1959","Catochrysops strabo luzonensis","Tite, 1959","µµÏÉªi¦Ç½º","µµªø§Àªi¯¾¤p¦Ç½º","",207,"*Catochrysops strabo luzonensis* Tite, 1959 µµªø§Àªi¯¾¤p¦Ç½º µµÏÉªi¦Ç½º"
"194","¦Ç½º¬ì Lycaenidae Leach, 1815","©_ªi¦Ç½ºÄÝ Euchrysops Butler, 1900","Euchrysops cnejus cnejus Fabricius, 1798","Euchrysops cnejus cnejus","Fabricius, 1798","©_ªi¦Ç½º","¥Õ§À¤p¦Ç½º","",208,"*Euchrysops cnejus cnejus* Fabricius, 1798 ¥Õ§À¤p¦Ç½º ©_ªi¦Ç½º"
"195","¦Ç½º¬ì Lycaenidae Leach, 1815","¨§ªi¦Ç½ºÄÝ Lampides Hubner, 1819","Lampides boeticus Linnaeus, 1767","Lampides boeticus","Linnaeus, 1767","¨§ªi¦Ç½º","ªi¯¾¤p¦Ç½º","",209,"*Lampides boeticus* Linnaeus, 1767 ªi¯¾¤p¦Ç½º ¨§ªi¦Ç½º"
"196","¦Ç½º¬ì Lycaenidae Leach, 1815","²Ó¦Ç½ºÄÝ Leptotes Scudder, 1876","Leptotes plinius Fabricius, 1793","Leptotes plinius","Fabricius, 1793","²Ó¦Ç½º","¨¤¯¾¤p¦Ç½º","",210,"*Leptotes plinius* Fabricius, 1793 ¨¤¯¾¤p¦Ç½º ²Ó¦Ç½º"
"197","¦Ç½º¬ì Lycaenidae Leach, 1815","ÂÅ¦Ç½ºÄÝ Zizeeria Chapman,1910","Zizeeria maha okinawana Matsumura, 1929","Zizeeria maha okinawana","Matsumura, 1929","ÂÅ¦Ç½º","¨RÃ·¤p¦Ç½º","",211,"*Zizeeria maha okinawana* Matsumura, 1929 ¨RÃ·¤p¦Ç½º ÂÅ¦Ç½º"
"198","¦Ç½º¬ì Lycaenidae Leach, 1815","ÂÅ¦Ç½ºÄÝ Zizeeria Chapman,1910","Zizeeria karsandra Moore, 1865","Zizeeria karsandra","Moore, 1865","³AÂÅ¦Ç½º","¥xÆW¤p¦Ç½º","",212,"*Zizeeria karsandra* Moore, 1865 ¥xÆW¤p¦Ç½º ³AÂÅ¦Ç½º"
"199","¦Ç½º¬ì Lycaenidae Leach, 1815","§é¦CÂÅ¦Ç½ºÄÝ Zizina Chapman, 1910","Zizina otis riukuensis Matsumura, 1929","Zizina otis riukuensis","Matsumura, 1929","§é¦CÂÅ¦Ç½º","¤p¤p¦Ç½º","",213,"*Zizina otis riukuensis* Matsumura, 1929 ¤p¤p¦Ç½º §é¦CÂÅ¦Ç½º"
"200","¦Ç½º¬ì Lycaenidae Leach, 1815","³æÂIÂÅ¦Ç½ºÄÝ Famegana Eliot, 1973","Famegana alsulus taiwana Sonan, 1938","Famegana alsulus taiwana","Sonan, 1938","³æÂIÂÅ¦Ç½º","¶Â¬P®V¤p¦Ç½º","",215,"*Famegana alsulus taiwana* Sonan, 1938 ¶Â¬P®V¤p¦Ç½º ³æÂIÂÅ¦Ç½º"
"201","¦Ç½º¬ì Lycaenidae Leach, 1815","°g§AÂÅ¦Ç½ºÄÝ Zizula Chapman, 1910","Zizula hylax Fabricius, 1775","Zizula hylax","Fabricius, 1775","°g§AÂÅ¦Ç½º","°g§A¤p¦Ç½º","",216,"*Zizula hylax* Fabricius, 1775 °g§A¤p¦Ç½º °g§AÂÅ¦Ç½º"
"202","¦Ç½º¬ì Lycaenidae Leach, 1815","¿PÂÅ¦Ç½ºÄÝ Everes Hubner, 1819","Everes argiades hellotia Menetries, 1857","Everes argiades hellotia","Menetries, 1857","¿PÂÅ¦Ç½º","ÃúªÀ¿P¤p¦Ç½º","",217,"*Everes argiades hellotia* Menetries, 1857 ÃúªÀ¿P¤p¦Ç½º ¿PÂÅ¦Ç½º"
"203","¦Ç½º¬ì Lycaenidae Leach, 1815","¿PÂÅ¦Ç½ºÄÝ Everes Hubner, 1819","Everes lacturnus rileyi  Godfrey, 1916","Everes lacturnus rileyi","Godfrey, 1916","«n¤è¿PÂÅ¦Ç½º","¥xÆW¿P¤p¦Ç½º","",218,"*Everes lacturnus rileyi* Godfrey, 1916 ¥xÆW¿P¤p¦Ç½º «n¤è¿PÂÅ¦Ç½º"
"204","¦Ç½º¬ì Lycaenidae Leach, 1815","¥È¦Ç½ºÄÝ Tongeia Tutt, 1908","Tongeia hainani Bethune-Baker, 1914","Tongeia hainani","Bethune-Baker, 1914","¥xÆW¥È¦Ç½º","¥xÆW¶Â¿P¤p¦Ç½º","¯S¦³ºØ",219,"*Tongeia hainani* Bethune-Baker, 1914 ¥xÆW¶Â¿P¤p¦Ç½º ¥xÆW¥È¦Ç½º"
"205","¦Ç½º¬ì Lycaenidae Leach, 1815","¥È¦Ç½ºÄÝ Tongeia Tutt, 1908","Tongeia filicaudis mushanus Tanikawa, 1940","Tongeia filicaudis mushanus","Tanikawa, 1940","±KÂI¥È¦Ç½º","ÃúªÀ¶Â¿P¤p¦Ç½º","",220,"*Tongeia filicaudis mushanus* Tanikawa, 1940 ÃúªÀ¶Â¿P¤p¦Ç½º ±KÂI¥È¦Ç½º"
"206","¦Ç½º¬ì Lycaenidae Leach, 1815","´Ë¦Ç½ºÄÝ Shijimia Matsumura, 1919","Shijimia moorei taiwana Matsumura, 1919","Shijimia moorei taiwana","Matsumura, 1919","´Ë¦Ç½º","¥xÆW´Ñ¥Û¤p¦Ç½º","",221,"*Shijimia moorei taiwana* Matsumura, 1919 ¥xÆW´Ñ¥Û¤p¦Ç½º ´Ë¦Ç½º"
"207","¦Ç½º¬ì Lycaenidae Leach, 1815","¤Y¦Ç½ºÄÝ Pithecops Horsfield, 1828","Pithecops fulgens urai Bethune-Baker, 1913","Pithecops fulgens urai","Bethune-Baker, 1913","ÂÅ¤Y¦Ç½º","¯Q¨Ó¶Â¬P¤p¦Ç½º","",222,"*Pithecops fulgens urai* Bethune-Baker, 1913 ¯Q¨Ó¶Â¬P¤p¦Ç½º ÂÅ¤Y¦Ç½º"
"208","¦Ç½º¬ì Lycaenidae Leach, 1815","¤Y¦Ç½ºÄÝ Pithecops Horsfield, 1828","Pithecops corvus cornix Cowan, 1966","Pithecops corvus cornix","Cowan, 1966","¶Â¤Y¦Ç½º","¯[²y¶Â¬P¤p¦Ç½º","",223,"*Pithecops corvus cornix* Cowan, 1966 ¯[²y¶Â¬P¤p¦Ç½º ¶Â¤Y¦Ç½º"
"209","¦Ç½º¬ì Lycaenidae Leach, 1815","¶ÂÂI¦Ç½ºÄÝ Neopithecops Distant, 1884","Neopithecops zalmora Butler, 1869","Neopithecops zalmora","Butler, 1869","¶ÂÂI¦Ç½º","®V¶Â¬P¤p¦Ç½º","",224,"*Neopithecops zalmora* Butler, 1869 ®V¶Â¬P¤p¦Ç½º ¶ÂÂI¦Ç½º"
"210","¦Ç½º¬ì Lycaenidae Leach, 1815","¶Â¬P¦Ç½ºÄÝ Megisba Moore, 1881","Megisba malaya sikkima Moore, 1884","Megisba malaya sikkima","Moore, 1884","¶Â¬P¦Ç½º","¥xÆW¶Â¬P¤p¦Ç½º","",225,"*Megisba malaya sikkima* Moore, 1884 ¥xÆW¶Â¬P¤p¦Ç½º ¶Â¬P¦Ç½º"
"211","¦Ç½º¬ì Lycaenidae Leach, 1815","¼a¯[¦Ç½ºÄÝ Udara Toxopeus, 1928","Udara dilecta Moore, 1879","Udara dilecta","Moore, 1879","¼a¯[¦Ç½º","¹F¨¹¯[¼þ¤p¦Ç½º","",226,"*Udara dilecta* Moore, 1879 ¹F¨¹¯[¼þ¤p¦Ç½º ¼a¯[¦Ç½º"
"212","¦Ç½º¬ì Lycaenidae Leach, 1815","¼a¯[¦Ç½ºÄÝ Udara Toxopeus, 1928","Udara albocaerulea Moore, 1879","Udara albocaerulea","Moore, 1879","¥Õ´³¼a¯[¦Ç½º","¥Õ´³¯[¼þ¤p¦Ç½º","",227,"*Udara albocaerulea* Moore, 1879 ¥Õ´³¯[¼þ¤p¦Ç½º ¥Õ´³¼a¯[¦Ç½º"
"213","¦Ç½º¬ì Lycaenidae Leach, 1815","ÀQ¦â¯[¦Ç½ºÄÝ Acytolepis Toxopeus, 1927","Acytolepis puspa myla Fruhstorfer, 1909","Acytolepis puspa myla","Fruhstorfer, 1909","ÀQ¦â¯[¦Ç½º","¥xÆW¯[¼þ¤p¦Ç½º","",228,"*Acytolepis puspa myla* Fruhstorfer, 1909 ¥xÆW¯[¼þ¤p¦Ç½º ÀQ¦â¯[¦Ç½º"
"214","¦Ç½º¬ì Lycaenidae Leach, 1815","¥Õ¯¾¯[¦Ç½ºÄÝ Celatoxia Eliot & Kawazoe, 1983","Celatoxia marginata de Niceville, 1884","Celatoxia marginata de","Niceville, 1884","¥Õ¯¾¯[¦Ç½º","¥Õ¯¾¯[¼þ¤p¦Ç½º","",229,"*Celatoxia marginata de* Niceville, 1884 ¥Õ¯¾¯[¼þ¤p¦Ç½º ¥Õ¯¾¯[¦Ç½º"
"215","¦Ç½º¬ì Lycaenidae Leach, 1815","¯[¦Ç½ºÄÝ Celastrina Tutt, 1906","Celastrina argiolus caphis Fruhstorfer, 1922","Celastrina argiolus caphis","Fruhstorfer, 1922","¯[¦Ç½º","¯[¼þ¤p¦Ç½º","",230,"*Celastrina argiolus caphis* Fruhstorfer, 1922 ¯[¼þ¤p¦Ç½º ¯[¦Ç½º"
"216","¦Ç½º¬ì Lycaenidae Leach, 1815","¯[¦Ç½ºÄÝ Celastrina Tutt, 1906","Celastrina sugitanii shirozui Hsu, 1987","Celastrina sugitanii shirozui","Hsu, 1987","§ü¨¦¯[¦Ç½º","§ü¨¦¯[¼þ¤p¦Ç½º","",231,"*Celastrina sugitanii shirozui* Hsu, 1987 §ü¨¦¯[¼þ¤p¦Ç½º §ü¨¦¯[¦Ç½º"
"217","¦Ç½º¬ì Lycaenidae Leach, 1815","¯[¦Ç½ºÄÝ Celastrina Tutt, 1906","Celastrina oreas arisana Matsumura, 1910","Celastrina oreas arisana","Matsumura, 1910","¤jµµ¯[¦Ç½º","ªü¨½¤s¯[¼þ¤p¦Ç½º","",232,"*Celastrina oreas arisana* Matsumura, 1910 ªü¨½¤s¯[¼þ¤p¦Ç½º ¤jµµ¯[¦Ç½º"
"218","¦Ç½º¬ì Lycaenidae Leach, 1815","¯[¦Ç½ºÄÝ Celastrina Tutt, 1906","Celastrina lavendularis himilcon Fruhstorfer, 1909","Celastrina lavendularis himilcon","Fruhstorfer, 1909","²ÓÃä¯[¦Ç½º","®H¨½¯[¼þ¤p¦Ç½º","",233,"*Celastrina lavendularis himilcon* Fruhstorfer, 1909 ®H¨½¯[¼þ¤p¦Ç½º ²ÓÃä¯[¦Ç½º"
"219","¦Ç½º¬ì Lycaenidae Leach, 1815","¼eÃä¯[¦Ç½ºÄÝ Callenya Eliot & Kawazoe, 1983","Callenya melaena shonen Esaki, 1932","Callenya melaena shonen","Esaki, 1932","¼eÃä¯[¦Ç½º","¼eÃä¯[¼þ¤p¦Ç½º","",234,"*Callenya melaena shonen* Esaki, 1932 ¼eÃä¯[¼þ¤p¦Ç½º ¼eÃä¯[¦Ç½º"
"220","¦Ç½º¬ì Lycaenidae Leach, 1815","³¶´³¦Ç½ºÄÝ Phengaris Doherty, 1891","Phengaris daitozana  Wileman, 1908","Phengaris daitozana","Wileman, 1908","¥Õ³¶´³¦Ç½º","¥Õ³¶´³¤p¦Ç½º","¯S¦³ºØ",235,"*Phengaris daitozana* Wileman, 1908 ¥Õ³¶´³¤p¦Ç½º ¥Õ³¶´³¦Ç½º"
"221","¦Ç½º¬ì Lycaenidae Leach, 1815","³¶´³¦Ç½ºÄÝ Phengaris Doherty, 1891","Phengaris atroguttata formosana Matsumura, 1926","Phengaris atroguttata formosana","Matsumura, 1926","«C³¶´³¦Ç½º","²H«C³¶´³¤p¦Ç½º","",236,"*Phengaris atroguttata formosana* Matsumura, 1926 ²H«C³¶´³¤p¦Ç½º «C³¶´³¦Ç½º"
"222","¦Ç½º¬ì Lycaenidae Leach, 1815","ºö¦Ç½ºÄÝ Chilades Moore, 1881","Chilades lajus koshuensis Matsumura, 1919","Chilades lajus koshuensis","Matsumura, 1919","ºö¦Ç½º","«í¬K¯[¼þ¤p¦Ç½º","",237,"*Chilades lajus koshuensis* Matsumura, 1919 «í¬K¯[¼þ¤p¦Ç½º ºö¦Ç½º"
"223","¦Ç½º¬ì Lycaenidae Leach, 1815","ºö¦Ç½ºÄÝ Chilades Moore, 1881","Chilades pandava peripatria Hsu, 1989","Chilades pandava peripatria","Hsu, 1989","Ä¬ÅKºö¦Ç½º","ªF°¥Ä¬ÅK¤p¦Ç½º","",238,"*Chilades pandava peripatria* Hsu, 1989 ªF°¥Ä¬ÅK¤p¦Ç½º Ä¬ÅKºö¦Ç½º"
"224","¦Ç½º¬ì Lycaenidae Leach, 1815","´¹¦Ç½ºÄÝ Freyeria Courvoisier, 1920","Freyeria putli formosanus Matsumura, 1919","Freyeria putli formosanus","Matsumura, 1919","ªF¤è´¹¦Ç½º","¥xÆW®V¤p¦Ç½º","",239,"*Freyeria putli formosanus* Matsumura, 1919 ¥xÆW®V¤p¦Ç½º ªF¤è´¹¦Ç½º"
"225","¦Ç½º¬ì Lycaenidae Leach, 1815","½Å¸Ã½ºÄÝ Abisara C. & R. Felder, 1860","Abisara burnii etymander Fruhstorfer, 1908","Abisara burnii etymander","Fruhstorfer, 1908","¥ÕÂI½Å¸Ã½º","ªü¨½¤s¤p¦Çßæ½º","",240,"*Abisara burnii etymander* Fruhstorfer, 1908 ªü¨½¤s¤p¦Çßæ½º ¥ÕÂI½Å¸Ã½º"
